<?xml version="1.0" encoding="UTF-8"?>
<globalevents>
	<!-- Loading Maps -->
	<globalevent name="example" type="startup" script="others/map_loading.lua"/>

	<!-- Rent Horses -->
	<globalevent name="RentedMounts" interval="15000" script="others/checkMount.lua" />

	<!-- Others -->
	<globalevent type="startup" name="ServerStartup" script="startup.lua" />
	<globalevent type="record" name="PlayerRecord" script="record.lua" />
	<globalevent name="ServerSave" time="05:55:00" script="serversave.lua" />
	<globalevent name="checkInbox" interval="30000" script="others/checkInbox.lua"/>
	<globalevent interval="100000" name="GuildWar" script="guildwar.lua"/>

	<!-- DarkKonia Scripts -->
	<!-- OTX Systems -->
		<!-- Modified Scripts from TFS
			serversave.lua - for save with interval time
		-->
		<!-- Save 15 minutes / Clean 2 hours -->
		<globalevent name="Server Save" interval="900000" script="saveserver.lua" />
		<globalevent name="Clean Map" interval="7200000" script="cleanmap.lua" />
</globalevents>
