<?xml version="1.0" encoding="ISO-8859-1"?>
<monster name="Earworm" nameDescription="an earworm" race="blood" experience="2000" speed="158">
	<health now="4000" max="4000"/>
	<look type="26" corpse="5967"/>
	<targetchange interval="4000" chance="10"/>
	<flags>
		<flag summonable="0"/>
		<flag attackable="1"/>
		<flag hostile="1"/>
		<flag illusionable="0"/>
		<flag convinceable="0"/>
		<flag pushable="0"/>
		<flag canpushitems="0"/>
		<flag canpushcreatures="0"/>
		<flag targetdistance="1"/>
		<flag staticattack="70"/>
		<flag runonhealth="0"/>
		<flag canwalkonenergy="0"/>
		<flag canwalkonfire="0"/>
		<flag canwalkonpoison="0"/>
	</flags>
	<attacks>
		<attack name="melee" interval="2000" min="0" max="-340"/>
	</attacks>
	<defenses armor="60" defense="60"/>
</monster>
