<?xml version="1.0" encoding="ISO-8859-1"?>
<monster name="Rotworm" nameDescription="a rotworm" race="blood" experience="40" speed="116" manacost="305">
	<health now="65" max="65"/>
	<look type="26" corpse="5967"/>
	<targetchange interval="4000" chance="0"/>
	<flags>
		<flag summonable="0"/>
		<flag attackable="1"/>
		<flag hostile="1"/>
		<flag illusionable="0"/>
		<flag convinceable="1"/>
		<flag pushable="0"/>
		<flag canpushitems="0"/>
		<flag canpushcreatures="0"/>
		<flag targetdistance="1"/>
		<flag staticattack="70"/>
		<flag runonhealth="0"/>
		<flag canwalkonenergy="0"/>
		<flag canwalkonfire="0"/>
		<flag canwalkonpoison="0"/>
	</flags>
	<attacks>
		<attack name="melee" interval="2000" min="0" max="-40"/>
	</attacks>
	<defenses armor="10" defense="10"/>
	<loot>
		<item name="gold coin" countmax="17" chance="71760"/>
		<item id="2376" chance="3000"/><!-- sword -->
		<item name="mace" chance="4500"/>
		<item name="meat" chance="20000"/>
		<item name="ham" chance="20120"/>
		<item name="worm" countmax="3" chance="3000"/>
		<item name="lump of dirt" chance="10000"/>
	</loot>
</monster>
