<?xml version="1.0" encoding="ISO-8859-1"?>
<monster name="Undead Cavebear" nameDescription="an undead cavebear" race="undead" experience="600" speed="218">
	<health now="450" max="450"/>
	<look type="384" corpse="13323"/>
	<targetchange interval="5000" chance="8"/>
	<flags>
		<flag summonable="0"/>
		<flag attackable="1"/>
		<flag hostile="1"/>
		<flag illusionable="0"/>
		<flag convinceable="0"/>
		<flag pushable="0"/>
		<flag canpushitems="1"/>
		<flag canpushcreatures="1"/>
		<flag targetdistance="1"/>
		<flag staticattack="90"/>
		<flag runonhealth="0"/>
		<flag canwalkonenergy="0"/>
		<flag canwalkonfire="0"/>
		<flag canwalkonpoison="1"/>
	</flags>
	<attacks>
		<attack name="melee" interval="2000" min="0" max="-400"/>
	</attacks>
	<defenses armor="23" defense="27"/>
	<elements>
		<element holyPercent="-25"/>
	</elements>
	<immunities>
		<immunity death="1"/>
		<immunity earth="1"/>
		<immunity paralyze="1"/>
		<immunity invisible="1"/>
	</immunities>
	<voices interval="5000" chance="10">
		<voice sentence="Grrrrrrrrrrrr"/>
		<voice sentence="Groooowl"/>
	</voices>
	<loot>
		<item name="gold coin" countmax="80" chance="31820"/>
		<item name="maxilla" chance="13640"/>
		<item name="cavebear skull" chance="2600"/>
		<item name="health potion" chance="1300"/>
	</loot>
</monster>
