<?xml version="1.0" encoding="UTF-8"?>
<monster name="Cave Parrot" nameDescription="a cave parrot" race="blood" experience="0" speed="320" manacost="250">
	<health now="30" max="30"/>
	<look type="217" corpse="6056"/>
	<targetchange interval="2000" chance="10"/>
	<flags>
		<flag summonable="1"/>
		<flag attackable="1"/>
		<flag hostile="0"/>
		<flag illusionable="1"/>
		<flag convinceable="1"/>
		<flag pushable="1"/>
		<flag canpushitems="0"/>
		<flag canpushcreatures="0"/>
		<flag targetdistance="1"/>
		<flag staticattack="90"/>
		<flag runonhealth="25"/>
	</flags>
	<attacks>
		<attack name="melee" interval="2000" skill="10" attack="5"/>
	</attacks>
	<defenses armor="2" defense="6"/>
</monster>
