<?xml version="1.0" encoding="ISO-8859-1"?>
<monster name="Marsh Stalker" nameDescription="a marsh stalker" race="blood" experience="50" speed="150">
	<health now="100" max="100"/>
	<look type="530" corpse="19708"/>
	<targetchange interval="5000" chance="0"/>
	<flags>
		<flag summonable="0"/>
		<flag attackable="1"/>
		<flag hostile="1"/>
		<flag illusionable="0"/>
		<flag convinceable="0"/>
		<flag pushable="0"/>
		<flag canpushitems="1"/>
		<flag canpushcreatures="1"/>
		<flag targetdistance="1"/>
		<flag staticattack="90"/>
		<flag runonhealth="10"/>
		<flag canwalkonenergy="0"/>
		<flag canwalkonfire="0"/>
		<flag canwalkonpoison="0"/>
	</flags>
	<attacks>
		<attack name="melee" interval="2000" min="0" max="-10"/>
		<attack name="physical" interval="2000" radius="1" target="1" range="7" chance="20" min="0" max="-8">
			<attribute key="shootEffect" value="explosion"/>
			<attribute key="areaEffect" value="explosionarea"/>
		</attack>
	</attacks>
	<defenses armor="3" defense="3"/>
	<elements>
		<element icePercent="5"/>
		<element earthPercent="-5"/>
	</elements>
	<voices interval="5000" chance="10">
		<voice sentence="Rrrawk! Rrrrawk!"/>
	</voices>
	<loot>
		<item name="gold coin" countmax="23" chance="64090"/>
		<item name="meat" countmax="2" chance="19950"/>
		<item id="2667" countmax="2" chance="20320"/><!-- Fish -->
		<item name="worm" countmax="2" chance="14730"/>
		<item id="19742" chance="8650"/><!-- marsh stalker feather -->
		<item name="longsword" chance="7560"/>
		<item id="19741" chance="6080"/><!-- marsh stalker beak -->
		<item id="2120" chance="4830"/><!-- rope -->
		<item name="seeds" chance="110"/>
	</loot>
</monster>
