<?xml version="1.0" encoding="UTF-8"?>
<creaturescripts>
	<!-- New Summons (Pets) -->
	<event type="login" name="petlogin" script="pet.lua" />
	<event type="think" name="petthink" script="pet.lua" />
	<event type="death" name="petdeath" script="pet.lua" />

	<!-- Modal Window -->
	<event type="modalwindow" name="ModalWindowHelper" script="modalwindowhelper.lua" />

	<!-- Reward Chest -->
	<event type="login" name="LoginBossPlayer" script="rewardChest/boss.lua" />
 	<event type="death" name="BossDeath" script="rewardChest/boss.lua" />
 	<event type="healthchange" name="BossParticipation" script="rewardChest/boss.lua" />
 	<event type="think" name="BossThink" script="rewardChest/boss.lua" />

	<!-- Monsters events -->
	<event type="death" name="WhiteDeerDeath" script="others/whitedeer.lua" />
	<event type="death" name="WhiteDeerScoutsDeath" script="others/whitedeer_scouts.lua" />
	<event type="healthchange" name="sharedLife" script="others/sharedlife.lua" />

	<!-- Others -->
	<event type="login" name="AdventurerBlessings" script="adventureblessings.lua"/>
	<event type="login" name="PlayerLogin" script="others/login.lua" />
	<event type="login" name="loginEvents" script="others/loginEvents.lua" />
	<event type="login" name="FirstItems" script="others/firstitems.lua" />
	<event type="login" name="RegenerateStamina" script="others/regeneratestamina.lua" />
	<event type="login" name="OfflineTraining" script="others/offlinetraining.lua" />
	<event type="logout" name="PlayerLogout" script="others/logout.lua" />
	<event type="death" name="PlayerDeath" script="others/playerdeath.lua" />
	<event type="death" name="DropLoot" script="others/droploot.lua" />
	<event type="advance" name="AdvanceSave" script="others/advance_save.lua" />
  	<event type="kill" name="bonusPreyLootKill" script="preyloot.lua"/>
	<event type="death" name="bonusPreyLootDeath" script="preyloot.lua" />

  	<!-- Bestiary -->
  	<event type="kill" name="BestiaryOnKill" script="bestiaryadd.lua"/>
</creaturescripts>
