<?xml version="1.0" encoding="ISO-8859-1"?>
<monster name="Barbarian Brutetamer" nameDescription="a barbarian brutetamer" race="blood" experience="90" speed="178">
	<health now="145" max="145"/>
	<look type="264" head="78" body="116" legs="95" feet="121" corpse="20339"/>
	<targetchange interval="60000" chance="0"/>
	<flags>
		<flag summonable="0"/>
		<flag attackable="1"/>
		<flag hostile="1"/>
		<flag illusionable="0"/>
		<flag convinceable="0"/>
		<flag pushable="0"/>
		<flag canpushitems="1"/>
		<flag staticattack="90"/>
		<flag lightlevel="0"/>
		<flag lightcolor="0"/>
		<flag targetdistance="4"/>
		<flag runonhealth="10"/>
		<flag canwalkonenergy="0"/>
		<flag canwalkonfire="0"/>
		<flag canwalkonpoison="0"/>
	</flags>
	<attacks>
		<attack name="melee" interval="2000" min="0" max="-20"/>
		<attack name="physical" interval="2000" chance="20" range="7" radius="1" target="1" min="0" max="-34">
			<attribute key="shootEffect" value="snowball"/>
		</attack>
		<attack name="barbarian brutetamer skill reducer" range="5" interval="2000" chance="15"/>
	</attacks>
	<defenses armor="7" defense="0">
		<defense name="healing" interval="2000" chance="40" min="50" max="80">
			<attribute key="areaEffect" value="blueshimmer"/>
		</defense>
	</defenses>
	<elements>
		<element icePercent="50"/>
		<element holyPercent="10"/>
		<element energyPercent="20"/>
		<element physicalPercent="-10"/>
		<element deathPercent="-5"/>
	</elements>
	<immunities>
		<immunity paralyze="1"/>
		<immunity invisible="1"/>
	</immunities>
	<summons maxSummons="2">
		<summon name="War Wolf" interval="2000" chance="10"/>
	</summons>
	<voices interval="5000" chance="10">
		<voice sentence="To me, creatures of the wild!"/>
		<voice sentence="Feel the power of the beast!"/>
		<voice sentence="My instincts tell me about your cowardice."/>
	</voices>
	<loot>
		<item id="1958" chance="4750"/><!-- grey small book -->
		<item name="gold coin" countmax="15" chance="90230"/>
		<item id="2401" chance="6550"/><!-- staff -->
		<item name="chain armor" chance="9300"/>
		<item name="corncob" countmax="2" chance="10940"/>
		<item name="hunting spear" chance="5200"/>
		<item name="fur bag" chance="7590"/>
		<item name="brutetamer's staff" chance="340"/>
		<item name="fur boots" chance="170"/>
		<item name="mammoth fur cape" chance="150"/>
		<item name="mammoth fur shorts" chance="90"/>
		<item name="mana potion" chance="580"/>
	</loot>
</monster>
