<?xml version="1.0" encoding="UTF-8"?>
<modules>
	<!-- Bestiary -->
	<module type="recvbyte" byte="225" script="bestiary/bestiary.lua" />
	<module type="recvbyte" byte="226" script="bestiary/bestiary.lua" />
	<module type="recvbyte" byte="227" script="bestiary/bestiary.lua" />
 	<module type="recvbyte" byte="228" script="bestiary/bestiary.lua" />

	<!-- GameStore -->
	<module type="recvbyte" byte="232" script="gamestore/gamestore.lua"/>
	<module type="recvbyte" byte="233" script="gamestore/gamestore.lua"/>
	<module type="recvbyte" byte="239" script="gamestore/gamestore.lua"/>
	<module type="recvbyte" byte="250" delay="600" script="gamestore/gamestore.lua"/>
	<module type="recvbyte" byte="251" script="gamestore/gamestore.lua"/>
	<module type="recvbyte" byte="252" script="gamestore/gamestore.lua"/>
	<module type="recvbyte" byte="253" script="gamestore/gamestore.lua"/>
	<module type="recvbyte" byte="254" script="gamestore/gamestore.lua"/>

	<!-- EquipObject -->
	<module type="recvbyte" byte="119" delay="1000" script="equipobject/equipobject.lua"/>

	<!-- QuickLoot -->
	<module type="recvbyte" byte="143" script="quickloot/quickloot.lua"/>
	<module type="recvbyte" byte="144" script="quickloot/quickloot.lua"/>
	<module type="recvbyte" byte="145" script="quickloot/quickloot.lua"/>

	<!-- Prey System -->
	<module type="recvbyte" byte="235" script="prey system/prey.lua" />
	<module type="recvbyte" byte="237" script="prey system/prey.lua" />

	<!-- Blessings -->
	<module type="recvbyte" byte="207" script="blessings/blessings.lua" />

	<!-- Daily Reward Wall -->
	<module type="recvbyte" byte="216" script="dailyreward/dailyreward.lua" />
	<module type="recvbyte" byte="217" script="dailyreward/dailyreward.lua" />
	<module type="recvbyte" byte="218" script="dailyreward/dailyreward.lua" />

	<!-- Inspection System (11.10)
	<module type="recvbyte" byte="205" script="inspection/inspection.lua"/>
	<module type="recvbyte" byte="206" script="inspection/inspection.lua"/>
	-->

	<!-- Expert Pvp
	<module type="recvbyte" byte="160" script="expertpvp/fightmodes.lua"/> -->

	<!-- Join agression formula is still unknown TODO: add it.-->
</modules>
