<?xml version="1.0" encoding="UTF-8"?>
<monster name="Glooth Blob" nameDescription="a glooth blob" race="venom" experience="700" speed="160">
	<health now="750" max="750"/>
	<look type="614" corpse="23479"/>
	<targetchange interval="5000" chance="0"/>
	<flags>
		<flag summonable="0"/>
		<flag attackable="1"/>
		<flag hostile="1"/>
		<flag illusionable="0"/>
		<flag convinceable="0"/>
		<flag pushable="0"/>
				<flag isblockable="0"/>
		<flag canpushitems="1"/>
		<flag canpushcreatures="1"/>
		<flag targetdistance="1"/>
		<flag staticattack="90"/>
		<flag runonhealth="0"/>
	</flags>
	<attacks>
		<attack name="melee" interval="2000" skill="45" attack="40" poison="280"/>
		<attack name="poisoncondition" interval="2000" chance="13" radius="4" target="0" min="-400" max="-480">
			<attribute key="areaEffect" value="poison"/>
		</attack>
		<attack name="poison" interval="2000" chance="11" radius="3" target="1" min="-85" max="-180">
			<attribute key="areaEffect" value="greenbubble"/>
			<attribute key="shootEffect" value="envenomedarrow"/>
		</attack>
		<attack name="poison" interval="2000" chance="10" range="7" target="1" min="-60" max="-105">
			<attribute key="areaEffect" value="poison"/>
			<attribute key="shootEffect" value="poison"/>
		</attack>
	</attacks>
	<defenses armor="10" defense="10"/>
	<elements>
		<element firePercent="-10"/>
		<element icePercent="20"/>
		<element energyPercent="-10"/>
	</elements>
	<immunities>
		<immunity earth="1"/>
		<immunity death="1"/>
		<immunity lifedrain="1"/>
	</immunities>
	<summons maxSummons="2">
		<summon name="Glooth Blob" interval="2000" chance="6"/>
	</summons>
	<loot>
		<item id="2148" countmax="70" chance="100000"/><!-- gold coin -->
		<item id="23553" chance="15410"/><!-- glob of glooth -->
		<item id="2146" countmax="2" chance="3310"/><!-- small sapphire -->
		<item id="9970" countmax="2" chance="3420"/><!-- small topaz -->
		<item id="23554" chance="400"/><!-- glooth amulet -->
		<item id="23550" chance="510"/><!-- glooth blade -->
		<item id="23549" chance="580"/><!-- glooth club -->
		<item id="23551" chance="560"/><!-- glooth axe -->
	</loot>
</monster>
