<?xml version="1.0" encoding="UTF-8"?>
<vocations>
	<vocation id="0" clientid="0" name="None" description="none" gaincap="10" gainhp="5" gainmana="5" gainhpticks="12" gainhpamount="1" gainmanaticks="6" gainmanaamount="2" manamultiplier="4.0" attackspeed="2000" basespeed="220" soulmax="100" gainsoulticks="120" fromvoc="0">
		<formula meleeDamage="1.0" distDamage="1.0" defense="1.0" armor="1.0" />
		<skill id="0" multiplier="1.5" />
		<skill id="1" multiplier="2.0" />
		<skill id="2" multiplier="2.0" />
		<skill id="3" multiplier="2.0" />
		<skill id="4" multiplier="2.0" />
		<skill id="5" multiplier="1.5" />
		<skill id="6" multiplier="1.1" />
	</vocation>
	<vocation id="1" clientid="3" name="Sorcerer" description="a sorcerer" gaincap="10" gainhp="5" gainmana="30" gainhpticks="12" gainhpamount="1" gainmanaticks="3" gainmanaamount="2" manamultiplier="1.1" attackspeed="2000" basespeed="220" soulmax="100" gainsoulticks="120" fromvoc="1">
		<formula meleeDamage="1.0" distDamage="1.0" defense="1.0" armor="1.0" />
		<skill id="0" multiplier="1.5" />
		<skill id="1" multiplier="2.0" />
		<skill id="2" multiplier="2.0" />
		<skill id="3" multiplier="2.0" />
		<skill id="4" multiplier="2.0" />
		<skill id="5" multiplier="1.5" />
		<skill id="6" multiplier="1.1" />
	</vocation>
	<vocation id="2" clientid="4" name="Druid" description="a druid" gaincap="10" gainhp="5" gainmana="30" gainhpticks="12" gainhpamount="1" gainmanaticks="3" gainmanaamount="2" manamultiplier="1.1" attackspeed="2000" basespeed="220" soulmax="100" gainsoulticks="120" fromvoc="2">
		<formula meleeDamage="1.0" distDamage="1.0" defense="1.0" armor="1.0" />
		<skill id="0" multiplier="1.5" />
		<skill id="1" multiplier="1.8" />
		<skill id="2" multiplier="1.8" />
		<skill id="3" multiplier="1.8" />
		<skill id="4" multiplier="1.8" />
		<skill id="5" multiplier="1.5" />
		<skill id="6" multiplier="1.1" />
	</vocation>
	<vocation id="3" clientid="2" name="Paladin" description="a paladin" gaincap="20" gainhp="10" gainmana="15" gainhpticks="8" gainhpamount="1" gainmanaticks="4" gainmanaamount="2" manamultiplier="1.4" attackspeed="2000" basespeed="220" soulmax="100" gainsoulticks="120" fromvoc="3">
		<formula meleeDamage="1.0" distDamage="1.0" defense="1.0" armor="1.0" />
		<skill id="0" multiplier="1.2" />
		<skill id="1" multiplier="1.2" />
		<skill id="2" multiplier="1.2" />
		<skill id="3" multiplier="1.2" />
		<skill id="4" multiplier="1.1" />
		<skill id="5" multiplier="1.1" />
		<skill id="6" multiplier="1.1" />
	</vocation>
	<vocation id="4" clientid="1" name="Knight" description="a knight" gaincap="25" gainhp="15" gainmana="5" gainhpticks="6" gainhpamount="1" gainmanaticks="6" gainmanaamount="2" manamultiplier="3.0" attackspeed="2000" basespeed="220" soulmax="100" gainsoulticks="120" fromvoc="4">
		<formula meleeDamage="1.0" distDamage="1.0" defense="1.0" armor="1.0" />
		<skill id="0" multiplier="1.1" />
		<skill id="1" multiplier="1.1" />
		<skill id="2" multiplier="1.1" />
		<skill id="3" multiplier="1.1" />
		<skill id="4" multiplier="1.4" />
		<skill id="5" multiplier="1.1" />
		<skill id="6" multiplier="1.1" />
	</vocation>
	<vocation id="5" clientid="3" name="Master Sorcerer" description="a master sorcerer" gaincap="10" gainhp="5" gainmana="30" gainhpticks="12" gainhpamount="1" gainmanaticks="2" gainmanaamount="2" manamultiplier="1.1" attackspeed="2000" basespeed="220" soulmax="200" gainsoulticks="15" fromvoc="1">
		<formula meleeDamage="1.0" distDamage="1.0" defense="1.0" armor="1.0" />
		<skill id="0" multiplier="1.5" />
		<skill id="1" multiplier="2.0" />
		<skill id="2" multiplier="2.0" />
		<skill id="3" multiplier="2.0" />
		<skill id="4" multiplier="2.0" />
		<skill id="5" multiplier="1.5" />
		<skill id="6" multiplier="1.1" />
	</vocation>
	<vocation id="6" clientid="4" name="Elder Druid" description="an elder druid" gaincap="10" gainhp="5" gainmana="30" gainhpticks="12" gainhpamount="1" gainmanaticks="2" gainmanaamount="2" manamultiplier="1.1" attackspeed="2000" basespeed="220" soulmax="200" gainsoulticks="15" fromvoc="2">
		<formula meleeDamage="1.0" distDamage="1.0" defense="1.0" armor="1.0" />
		<skill id="0" multiplier="1.5" />
		<skill id="1" multiplier="1.8" />
		<skill id="2" multiplier="1.8" />
		<skill id="3" multiplier="1.8" />
		<skill id="4" multiplier="1.8" />
		<skill id="5" multiplier="1.5" />
		<skill id="6" multiplier="1.1" />
	</vocation>
	<vocation id="7" clientid="2" name="Royal Paladin" description="a royal paladin" gaincap="20" gainhp="10" gainmana="15" gainhpticks="6" gainhpamount="1" gainmanaticks="3" gainmanaamount="2" manamultiplier="1.4" attackspeed="2000" basespeed="220" soulmax="200" gainsoulticks="15" fromvoc="3">
		<formula meleeDamage="1.0" distDamage="1.0" defense="1.0" armor="1.0" />
		<skill id="0" multiplier="1.2" />
		<skill id="1" multiplier="1.2" />
		<skill id="2" multiplier="1.2" />
		<skill id="3" multiplier="1.2" />
		<skill id="4" multiplier="1.1" />
		<skill id="5" multiplier="1.1" />
		<skill id="6" multiplier="1.1" />
	</vocation>
	<vocation id="8" clientid="1" name="Elite Knight" description="an elite knight" gaincap="25" gainhp="15" gainmana="5" gainhpticks="4" gainhpamount="1" gainmanaticks="6" gainmanaamount="2" manamultiplier="3.0" attackspeed="2000" basespeed="220" soulmax="200" gainsoulticks="15" fromvoc="4">
		<formula meleeDamage="1.0" distDamage="1.0" defense="1.0" armor="1.0" />
		<skill id="0" multiplier="1.1" />
		<skill id="1" multiplier="1.1" />
		<skill id="2" multiplier="1.1" />
		<skill id="3" multiplier="1.1" />
		<skill id="4" multiplier="1.4" />
		<skill id="5" multiplier="1.1" />
		<skill id="6" multiplier="1.1" />
	</vocation>
</vocations>
