<?xml version="1.0" encoding="UTF-8"?>
<monster name="Ghulosh" nameDescription="Ghulosh" race="blood" experience="0" speed="100">
	<health now="300000" max="300000"/>
	<look type="1062" head="79" body="94" legs="0" feet="94" addons="3" corpse="29369"/>
	<targetchange interval="2000" chance="4"/>
	<flags>
		<flag summonable="0"/>
		<flag attackable="1"/>
		<flag hostile="1"/>
		<flag illusionable="0"/>
		<flag convinceable="0"/>
		<flag pushable="0"/>
		<flag isblockable="0"/>
		<flag canpushitems="1"/>
		<flag canpushcreatures="1"/>
		<flag targetdistance="1"/>
		<flag staticattack="90"/>
		<flag runonhealth="0"/>
	</flags>
	<attacks>
		<attack name="melee" interval="1000" skill="150" attack="280"/>
		<attack name="fire" interval="2000" chance="10" target="0" length="8" spread="0" min="-900" max="-1500">
			<attribute key="areaEffect" value="fireattack"/>
		</attack>
		<attack name="fire" interval="2000" chance="15" range="7" radius="3" target="0" min="-1500" max="-2500">
			<attribute key="areaEffect" value="fire"/>
		</attack>
		<attack name="melee" interval="2000" skill="90" attack="250"/>
		<attack name="lifedrain" interval="2000" chance="8" range="7" radius="5" target="1" min="-1500" max="-2500">
			<attribute key="shootEffect" value="whirlwindaxe"/>
			<attribute key="areaEffect" value="redspark"/>
		</attack>
		<attack name="physical" interval="2000" chance="8" range="7" target="1" min="-500" max="-1900">
			<attribute key="shootEffect" value="whirlwindaxe"/>
			<attribute key="areaEffect" value="explosionarea"/>
		</attack>
	</attacks>
	<defenses armor="40" defense="40"/>
	<immunities>
		<immunity paralyze="1"/>
		<immunity invisible="1"/>
	</immunities>
</monster>
