<?xml version="1.0" encoding="UTF-8"?>
<monster name="Jailer" nameDescription="Jailer" race="undead" experience="45" speed="150">
	<health now="65" max="65"/>
	<look type="298" corpse="5972"/>
	<targetchange interval="5000" chance="8"/>
	<flags>
		<flag summonable="0"/>
		<flag attackable="1"/>
		<flag hostile="1"/>
		<flag isblockable="1"/>
		<flag illusionable="0"/>
		<flag convinceable="0"/>
		<flag pushable="1"/>
		<flag canpushitems="0"/>
		<flag canpushcreatures="0"/>
		<flag targetdistance="0"/>
		<flag staticattack="90"/>
		<flag runonhealth="0"/>
	</flags>
	<attacks>
		<attack name="melee" interval="2000" min="0" max="-200" />
		<attack name="physical" interval="1000" chance="15" range="7" min="0" max="-180">
			<attribute key="shootEffect" value="snowball" />
			<attribute key="areaEffect" value="poff" />
		</attack>
		<attack name="energy" interval="1000" chance="12" length="3" spread="3" min="0" max="-175">
			<attribute key="areaEffect" value="poff" />
		</attack>
	</attacks>
	<defenses armor="28" defense="33" />
	<elements>
		<element physicalPercent="0" />
		<element icePercent="0" />
		<element earthPercent="0" />
		<element energyPercent="0" />
		<element firePercent="0" />
		<element holyPercent="-5" />
	</elements>
	<immunities>
		<immunity paralyze="0" />
		<immunity death="1" />
	</immunities>
	<voices interval="5000" chance="10">
	</voices>
	<loot>
		<item name="gold coin" countmax="60" chance="100000" />
		<item name="gold coin" countmax="40" chance="100000" />
	</loot>
</monster>
