<?xml version="1.0" encoding="UTF-8"?>
<monster name="Mean Minion" nameDescription="a mean minion" race="blood" experience="400" speed="400">
	<health now="10000" max="10000" />
	<look type="237" corpse="6364" />
<targetchange interval="5000" chance="8" />
	<flags>
		<flag summonable="0" />
		<flag attackable="1" />
		<flag hostile="1" />
		<flag illusionable="0" />
		<flag convinceable="0" />
		<flag pushable="0" />
		<flag canpushitems="1" />
		<flag canpushcreatures="1" />
		<flag targetdistance="1" />
		<flag staticattack="90" />
		<flag runonhealth="0" />
	</flags>
	<attacks>
		<attack name="melee" interval="2000" min="0" max="-200" />
		<attack name="physical" interval="1000" chance="15" range="7" min="0" max="-180">
			<attribute key="shootEffect" value="snowball" />
			<attribute key="areaEffect" value="poff" />
		</attack>
		<attack name="energy" interval="1000" chance="12" length="3" spread="3" min="0" max="-175">
			<attribute key="areaEffect" value="poff" />
		</attack>
	</attacks>
	<defenses armor="28" defense="33" />
	<elements>
		<element icePercent="-1" />
	</elements>
	<immunities>
		<immunity invisible="1" />
	</immunities>
	<loot>
	</loot>
</monster>
