<?xml version="1.0" encoding="ISO-8859-1"?>
<monster name="Thawing Dragon Lord" nameDescription="a thawing dragon lord" race="fire" experience="2100" speed="230" script="rewardboss.lua">
	<health now="25000" max="25000" />
	<look type="1077" corpse="33381" />
	<targetchange interval="4000" chance="0" />
	<flags>
		<flag rewardboss="1" />
		<flag summonable="0" />
		<flag attackable="1" />
		<flag hostile="1" />
		<flag illusionable="0" />
		<flag convinceable="0" />
		<flag pushable="1" />
		<flag canpushitems="0" />
		<flag canpushcreatures="0" />
		<flag targetdistance="1" />
		<flag staticattack="90" />
		<flag runonhealth="0" />
		<flag canwalkonenergy="0" />
		<flag canwalkonfire="0" />
		<flag canwalkonpoison="0" />
	</flags>
	<attacks>
		<attack name="melee" interval="2000" min="0" max="-300" />
		<attack name="Ice Crystal Bomb" chance="30" interval="2000" target="1" min="-600" max="-700"/>
		<attack name="Fire Wave" chance="30" interval="2000" length="1" spread="0" target="1" min="-800" max="-1200"/>
		<attack name="speed" interval="1000" chance="12" radius="6" target="0" speedchange="-250" duration="60000">
			<attribute key="areaEffect" value="fire" />
		</attack>
		<attack name="firefield" interval="1000" chance="10" range="7" radius="4" target="1">
			<attribute key="shootEffect" value="fire" />
		</attack>
	</attacks>
	<defenses armor="80" defense="40" />
	<elements>
		<element firePercent="60" />
		<element holyPercent="50" />
		<element icePercent="40" />
		<element deathPercent="50" />
		<element energyPercent="" />
	</elements>
		<immunities>
		<immunity physical="0" />
		<immunity energy="0" />
		<immunity fire="1" />
		<immunity poison="0" />
		<immunity lifedrain="0" />
		<immunity paralyze="1" />
		<immunity invisible="1" />
	</immunities>
	<loot>
		<item id="9971" countmax="4" chance="50000" /><!--gold ingot -->
		<item id="8571" chance="5560" /> <!-- ice cube -->
		<item id="7377" chance="5560" /> <!-- ice cream cone -->
		<item id="15515" chance="50" /> <!-- bar of gold -->
	</loot>
</monster>
