<?xml version="1.0" encoding="ISO-8859-1"?>
<monster name="Bane Bringer" nameDescription="a bane bringer" experience="400" speed="230" race="venom">
	<health now="2500" max="2500"/>
	<look type="310" corpse="9867"/>
	<targetchange speed="0" chance="8"/>
	<flags>
		<flag summonable="0"/>
		<flag attackable="1"/>
		<flag hostile="1"/>
		<flag illusionable="0"/>
		<flag convinceable="0"/>
		<flag pushable="0"/>
		<flag canpushitems="1"/>
		<flag canpushcreatures="1"/>
		<flag targetdistance="1"/>
		<flag staticattack="90"/>
		<flag runonhealth="0"/>
	</flags>
	<attacks>
		<attack name="melee" interval="2000" min="0" max="-150"/>
	</attacks>
	<defenses armor="17" defense="0"/>
	<elements>
		<element holyPercent="90"/>
		<element deathPercent="90"/>
		<element firePercent="90"/>
		<element energyPercent="90"/>
		<element icePercent="90"/>
		<element earthPercent="90"/>
		<element physicalPercent="-10"/>
	</elements>
	<immunities>
		<immunity invisible="1"/>
	</immunities>
	<voices interval="5000" chance="30">
		<voice sentence="You shall not succeed!"/>
		<voice sentence="This time we will prevail!"/>
	</voices>
	<loot>
		<item id="2250" countmax="96" chance="15220"/><!-- wooden trash -->
		<item name="dry piece of wood" chance="100000"/>
	</loot>
</monster>
