<?xml version="1.0" encoding="UTF-8"?>
<monster name="Dazed Leaf Golem" nameDescription="a dazed leaf golem" race="undead" experience="8000" speed="350">
	<health now="10000" max="10000"/>
	<look type="567" corpse="21358"/>
	<flags>
		<flag attackable="1"/>
		<flag hostile="1"/>
		<flag illusionable="0"/>
		<flag convinceable="0"/>
		<flag pushable="0"/>
		<flag canpushitems="1"/>
		<flag canpushcreatures="1"/>
		<flag targetdistance="1"/>
		<flag staticattack="90"/>
		<flag runonhealth="0"/>
	</flags>
	<attacks>
		<attack name="melee" interval="2000" min="0" max="-200"/>
		<attack name="physical" interval="1000" chance="15" range="7" min="0" max="-180">
			<attribute key="shootEffect" value="snowball"/>
			<attribute key="areaEffect" value="poff"/>
		</attack>
		<attack name="energy" interval="1000" chance="12" length="3" spread="3" min="0" max="-175">
			<attribute key="areaEffect" value="poff"/>
		</attack>
	</attacks>
	<defenses armor="28" defense="33"/>
	<elements>
		<element earthPercent="50"/>
	</elements>
	<immunities>
		<immunity invisible="1"/>
	</immunities>
	<loot>
		<item name="gold coin" countmax="437" chance="100000"/>
	</loot>
</monster>
