<?xml version="1.0" encoding="UTF-8"?>
<monster name="Devourer" nameDescription="a devourer" race="venom" experience="1755" speed="200">
	<health now="1900" max="1900"/>
	<look type="617" corpse="23484"/>
	<targetchange interval="60000" chance="0"/>
	<flags>
		<flag summonable="0"/>
		<flag attackable="1"/>
		<flag hostile="1"/>
		<flag illusionable="0"/>
		<flag isblockable="0"/>
		<flag convinceable="0"/>
		<flag pushable="0"/>
		<flag canpushcreatures="1"/>
		<flag canpushitems="1"/>
		<flag staticattack="90"/>
		<flag lightlevel="0"/>
		<flag lightcolor="0"/>
		<flag targetdistance="1"/>
		<flag runonhealth="0"/>
	</flags>
	<attacks>
		<attack name="melee" interval="2000" skill="62" attack="50" poison="360"/>
		<attack name="lifedrain" interval="2000" chance="10" range="7" min="-40" max="-125" target="1">
			<attribute key="shootEffect" value="poison"/>
			<attribute key="areaEffect" value="redshimmer"/>
		</attack>
		<attack name="earth" interval="2000" chance="8" range="7" target="1" min="-50" max="-160">
			<attribute key="shootEffect" value="poison"/>
			<attribute key="areaEffect" value="greenbubble"/>
		</attack>
		<attack name="devourer wave" interval="2000" chance="5" min="-50" max="-150"/>
		<attack name="devourer paralyze" interval="2000" chance="9"/>
		<attack name="earth" interval="2000" chance="11" length="1" spread="0" min="-50" max="-150">
			<attribute key="areaEffect" value="smoke"/>
		</attack>
		<attack name="earth" interval="2000" chance="7" radius="4" target="0" min="-120" max="-135">
			<attribute key="areaEffect" value="greenbubble"/>
		</attack>
	</attacks>
	<defenses armor="15" defense="25">
		<defense name="healing" interval="2000" chance="6" min="100" max="150">
			<attribute key="areaEffect" value="greenshimmer"/>
		</defense>
	</defenses>
	<elements>
		<element energyPercent="-5"/>
		<element icePercent="15"/>
		<element deathPercent="10"/>
	</elements>
	<immunities>
		<immunity paralyze="1"/>
		<immunity lifedrain="1"/>
		<immunity invisible="1"/>
		<immunity poison="1"/>
	</immunities>
	<voices interval="2000" chance="5">
		<voice sentence="*gulp*"/>
		<voice sentence="*Bruaarrr!*"/>
		<voice sentence="*omnnommm nomm*"/>
	</voices>
	<loot>
		<item id="2148" countmax="165" chance="100000"/><!-- gold coin -->
		<item id="2152" countmax="2" chance="9100"/><!-- platinum coin -->
		<item id="23553" chance="1670"/><!-- glob of glooth -->
		<item id="2151" chance="940"/><!-- talon -->
		<item id="2146" countmax="3" chance="1170"/><!-- small sapphire -->
		<item id="2150" countmax="3" chance="1030"/><!-- small amethyst -->
		<item id="9970" countmax="3" chance="1030"/><!-- small topaz -->
		<item id="2149" countmax="3" chance="1170"/><!-- small emeralds -->
		<item id="2147" countmax="3" chance="1190"/><!-- small rubies -->
		<item id="2145" countmax="3" chance="1050"/><!-- small diamond -->
		<item id="2154" chance="1090"/><!-- yellow gem -->
		<item id="2155" chance="100"/><!-- green gem -->
		<item id="23535" chance="210"/><!-- glooth cape -->
		<item id="23554" chance="130"/><!-- glooth amulet -->
		<item id="23550" chance="350"/><!-- glooth blade -->
		<item id="23549" chance="510"/><!-- glooth club -->
		<item id="23551" chance="390"/><!-- glooth axe -->
		<item id="23529" chance="370"/><!-- glooth spear -->
		<item id="8912" chance="250"/><!-- springsprout rod -->
		<item id="2181" chance="260"/><!-- terra rod -->
	</loot>
</monster>
