<?xml version="1.0" encoding="UTF-8"?>
<monster name="Disgusting Ooze" nameDescription="a disgusting ooze" race="venom" experience="3700" speed="430">
	<health now="50000" max="50000" />
	<look type="238" corpse="6532" />
	<targetchange interval="4000" chance="10" />
	<flags>
	    <!-- <flag preyable="0"/> -->
		<flag summonable="0" />
		<flag attackable="1" />
		<flag hostile="1" />
		<flag illusionable="1" />
		<flag convinceable="0" />
		<flag pushable="0" />
		<flag canpushitems="1" />
		<flag canpushcreatures="1" />
		<flag targetdistance="1" />
		<flag staticattack="80" />
		<flag runonhealth="85" />
	</flags>
	<attacks>
		<attack name="melee" interval="2000" skill="50" attack="80" poison="150" />
		<attack name="poison" interval="2000" chance="20" range="7" min="-160" max="-870">
			<attribute key="shootEffect" value="poison" />
		</attack>
		<attack name="poisoncondition" interval="2000" chance="15" target="0" radius="7" range="7" min="-400" max="-640">
			<attribute key="areaEffect" value="greenspark" />
		</attack>
		<attack name="poison" interval="2000" chance="20" radius="3" target="0" min="-120" max="-170">
			<attribute key="areaEffect" value="poison" />
		</attack>
		<attack name="poisoncondition" interval="2000" chance="10" length="8" spread="3" min="-500" max="-1500">
			<attribute key="areaEffect" value="smallplants" />
		</attack>
		<attack name="speed" interval="2000" chance="15" length="8" spread="3" speedchange="-700" duration="15000">
			<attribute key="areaEffect" value="smallclouds" />
		</attack>
	</attacks>
	<defenses armor="20" defense="20">
		<defense name="healing" interval="2000" chance="10" min="280" max="350">
			<attribute key="areaEffect" value="blueshimmer" />
		</defense>
	</defenses>
	<elements>
		<element energyPercent="10" />
		<element icePercent="20" />
		<element firePercent="-25" />
	</elements>
	<immunities>
		<immunity earth="1" />
		<immunity paralyze="1" />
		<immunity invisible="1" />
	</immunities>
	<loot>
	</loot>
</monster>
