<?xml version="1.0" encoding="UTF-8"?>
<monster name="Glooth Anemone" nameDescription="a glooth anemone" race="venom" experience="1755" speed="180">
	<health now="2400" max="2400"/>
	<look type="604" corpse="23359"/>
	<targetchange interval="2000" chance="3"/>
	<flags>
		<flag summonable="0"/>
		<flag attackable="1"/>
		<flag hostile="1"/>
		<flag illusionable="0"/>
		<flag convinceable="0"/>
		<flag pushable="0"/>
		<flag isblockable="0"/>
		<flag canpushcreatures="1"/>
		<flag canpushitems="1"/>
		<flag staticattack="90"/>
		<flag lightlevel="0"/>
		<flag lightcolor="0"/>
		<flag targetdistance="1"/>
		<flag runonhealth="0"/>
	</flags>
	<attacks>
		<attack name="melee" interval="2000" skill="60" attack="50"/>
		<attack name="earth" interval="2000" chance="9" range="7" target="1" radius="4" min="-100" max="-200">
			<attribute key="shootEffect" value="gloothspear"/>
			<attribute key="areaEffect" value="greenspark"/>
		</attack>
		<attack name="lifedrain" interval="2000" chance="7" range="7" target="1" radius="1" min="-50" max="-100">
			<attribute key="shootEffect" value="poison"/>
			<attribute key="areaEffect" value="redshimmer"/>
		</attack>
		<attack name="earth" interval="2000" chance="10" radius="5" target="0" min="0" max="0">
			<attribute key="areaEffect" value="redshimmer"/>
		</attack>
	</attacks>
	<defenses armor="15" defense="25">
		<defense name="healing" interval="2000" chance="9" min="50" max="100">
			<attribute key="areaEffect" value="greenshimmer"/>
		</defense>
		<defense name="glooth anemone summon" interval="2000" chance="14"/>
	</defenses>
	<elements>
		<element energyPercent="10"/>
		<element deathPercent="5"/>
		<element firePercent="-5"/>
	</elements>
	<immunities>
		<immunity paralyze="1"/>
		<immunity lifedrain="1"/>
		<immunity invisible="1"/>
		<immunity poison="1"/>
	</immunities>
	<voices interval="2000" chance="5">
		<voice sentence="*shglib*"/>
	</voices>
	<loot>
		<item id="23515" chance="3190"/><!-- bowl of glooth soup -->
		<item id="23568" chance="2020"/><!--  slimy leaf tentacle -->
		<item id="2796" chance="3180"/><!-- green mushroom -->
		<item id="23554" chance="320"/><!-- glooth amulet -->
		<item id="2148" countmax="170" chance="100000"/><!-- gold coin -->
		<item id="7588" countmax="2" chance="6690"/><!-- strong health potion -->
		<item id="7589" countmax="2" chance="6690"/><!-- strong mana potion -->
		<item id="8473" chance="960"/><!-- ultimate health potion -->
		<item id="2152" countmax="3" chance="57320"/><!-- platinum coin -->
		<item id="9970" countmax="3" chance="1240"/><!-- small topaz -->
		<item id="2149" countmax="3" chance="1600"/><!-- small emeralds -->
		<item id="2147" countmax="3" chance="1150"/><!-- small rubies -->
		<item id="23535" chance="140"/><!-- glooth cape -->
		<item id="23543" chance="700"/><!-- glooth whip -->
		<item id="23550" chance="120"/><!-- glooth blade -->
		<item id="23549" chance="370"/><!-- glooth club -->
		<item id="23551" chance="240"/><!-- glooth axe -->
		<item id="23529" chance="370"/><!-- glooth spear -->
	</loot>
</monster>
