<?xml version="1.0" encoding="ISO-8859-1"?>
<monster name="Hideous Fungus" nameDescription="a hideous fungus" race="venom" experience="2900" speed="340">
	<health now="4600" max="4600"/>
	<look type="499" corpse="17428"/>
	<targetchange interval="4000" chance="10"/>
	<flags>
		<flag summonable="0"/>
		<flag attackable="1"/>
		<flag hostile="1"/>
		<flag illusionable="0"/>
		<flag convinceable="0"/>
		<flag pushable="0"/>
		<flag canpushitems="1"/>
		<flag canpushcreatures="1"/>
		<flag targetdistance="4"/>
		<flag staticattack="90"/>
		<flag runonhealth="275"/>
		<flag canwalkonenergy="1"/>
		<flag canwalkonfire="1"/>
		<flag canwalkonpoison="1"/>
	</flags>
	<attacks>
		<attack name="melee" interval="2000" min="0" max="-450"/>
		<attack name="earth" interval="2000" chance="15" range="7" min="-250" max="-430">
			<attribute key="shootEffect" value="smallearth"/>
			<attribute key="areaEffect" value="smallplants"/>
		</attack>
		<attack name="ice" interval="2000" chance="15" length="8" spread="3" min="-250" max="-550">
			<attribute key="shootEffect" value="snowball"/>
		</attack>
		<attack name="speed" interval="2000" chance="10" radius="1" target="1" speedchange="-600" duration="60000">
			<attribute key="areaEffect" value="redshimmer"/>
		</attack>
		<attack name="drunk" interval="2000" chance="10" range="7" target="1" radius="5" duration="4000">
			<attribute key="shootEffect" value="smallstone"/>
			<attribute key="areaEffect" value="stun"/>
		</attack>
		<attack name="poisoncondition" interval="2000" chance="10" target="0" radius="3" range="7" min="-400" max="-640">
			<attribute key="areaEffect" value="greenspark"/>
		</attack>
	</attacks>
	<defenses armor="60" defense="0">
		<defense name="healing" interval="2000" chance="15" min="275" max="350">
			<attribute key="areaEffect" value="blueshimmer"/>
		</defense>
		<defense name="invisible" interval="2000" chance="10" duration="6000">
			<attribute key="areaEffect" value="blueshimmer"/>
		</defense>
	</defenses>
	<elements>
		<element holyPercent="5"/>
		<element deathPercent="1"/>
		<element firePercent="5"/>
		<element energyPercent="15"/>
		<element icePercent="15"/>
	</elements>
	<immunities>
		<immunity earth="1"/>
		<immunity paralyze="1"/>
		<immunity invisible="1"/>
	</immunities>
	<summons maxSummons="2">
		<summon name="humorless fungus" interval="2000" chance="10" max="2"/>
	</summons>
	<voices interval="5000" chance="10">
		<voice sentence="Munch munch munch!"/>
	</voices>
	<loot>
		<item name="gold coin" countmax="197" chance="100000"/>
		<item name="platinum coin" countmax="7" chance="100000"/>
		<item name="war hammer" chance="4010"/>
		<item name="white piece of cloth" chance="6430"/>
		<item name="green piece of cloth" chance="3003"/>
		<item name="red piece of cloth" chance="1820"/>
		<item name="blue piece of cloth" chance="3700"/>
		<item name="great mana potion" chance="7692"/>
		<item name="great health potion" chance="7220"/>
		<item name="mana potion" chance="9090"/>
		<item name="terra mantle" chance="800"/>
		<item name="terra legs" chance="920"/>
		<item name="terra boots" chance="2000"/>
		<item name="terra amulet" chance="2000"/>
		<item name="mushroom backpack" chance="20"/>
		<item name="mushroom pie" countmax="3" chance="14500"/>
		<item name="muck rod" chance="590"/>
		<item name="hideous chunk" chance="14285"/>
		<item name="envenomed arrow" countmax="15" chance="14500"/>
		<item name="mycological bow" chance="60"/>
	</loot>
</monster>
