<?xml version="1.0" encoding="UTF-8"?>
<monster name="Possessed Tree" nameDescription="a possessed tree" experience="1300" speed="0" race="undead">
	<health now="2500" max="2500"/>
	<look type="310" corpse="0"/>
	<targetchange speed="0" chance="8"/>
	<flags>
		<flag summonable="0"/>
		<flag attackable="1"/>
		<flag hostile="1"/>
		<flag illusionable="0"/>
		<flag convinceable="0"/>
		<flag pushable="0"/>
		<flag canpushitems="1"/>
		<flag canpushcreatures="1"/>
		<flag targetdistance="1"/>
		<flag staticattack="90"/>
		<flag runonhealth="0"/>
	</flags>
	<script>
		<event name="PossessedTree"/>
	</script>
	<attacks>
		<attack name="melee" interval="2000" skill="50" attack="90"/>
		<attack name="haunted treeling paralyze" interval="2000" chance="10"/>
		<attack name="poison" interval="2000" chance="9" target="1" radius="4" range="4" min="-86" max="-200">
			<attribute key="shootEffect" value="poison"/>
			<attribute key="areaEffect" value="greenspark"/>
		</attack>
		<attack name="poison" interval="2000" chance="9" length="4" spread="0" min="-286" max="-300">
			<attribute key="areaEffect" value="carniphila"/>
		</attack>
	</attacks>
	<defenses armor="50" defense="55"/>
	<immunities>
		<immunity invisible="1"/>
		<immunity paralyze="1"/>
	</immunities>
</monster>
