<?xml version="1.0" encoding="UTF-8"?>
<monster name="Walker" nameDescription="a walker" race="energy" experience="2200" speed="300">
	<health now="3000" max="3000"/>
	<look type="605" corpse="23343"/>
  <targetchange interval="2000" chance="5"/>
  <flags>
    <flag summonable="0"/>
    <flag attackable="1"/>
    <flag hostile="1"/>
    <flag illusionable="0"/>
    <flag convinceable="0"/>
    <flag pushable="0"/>
    <flag canpushitems="1"/>
			<flag isblockable="0"/>
    <flag canpushcreatures="1"/>
    <flag targetdistance="1"/>
    <flag staticattack="90"/>
    <flag runonhealth="0"/>
  </flags>
  <attacks>
    <attack name="melee" interval="2000" skill="70" attack="50"/>
    <attack name="walker skill reducer" interval="2000" chance="21"/>
    <attack name="fire" interval="2000" chance="17" length="8" spread="0" min="-125" max="-245">
      <attribute key="areaEffect" value="explosion"/>
    </attack>
  </attacks>
  <defenses armor="40" defense="45"/>
  <elements>
    <element firePercent="35"/>
    <element physicalPercent="10"/>
    <element deathPercent="10"/>
	<element icePercent="5"/>
	<element earthPercent="50"/>
	<element holyPercent="40"/>
  </elements>
  <immunities>
    <immunity invisible="1"/>
    <immunity paralyze="1"/>
	<immunity lifedrain="1"/>
  </immunities>
	<loot>
		<item id="23569" chance="3548"/><!-- metal toe -->
		<item id="23541" chance="1490"/><!-- gearwheel chain -->
		<item id="2148" countmax="200" chance="100000"/><!-- gold coin -->
		<item id="2152" countmax="3" chance="51610"/><!-- platinum coin -->
		<item id="9970" countmax="3" chance="16130"/><!-- small topaz -->
		<item id="2149" countmax="2" chance="6450"/><!-- small emerald -->
		<item id="8472" chance="3230"/><!-- great spirit potion -->
		<item id="7591" chance="3230"/><!-- great health potion -->
		<item id="7590" chance="2300"/><!-- great mana potion -->
		<item id="23540" chance="1780"/><!-- metal spats -->
		<item id="2645" chance="450"/><!-- steel boots -->
	</loot>
</monster>
