<?xml version="1.0" encoding="ISO-8859-1"?>
<monster name="Wilting Leaf Golem" nameDescription="a wilting leaf golem" race="blood" experience="145" speed="148" manacost="390">
	<health now="380" max="380"/>
	<look type="573" corpse="21434"/>
	<targetchange interval="4000" chance="10"/>
	<flags>
		<flag summonable="0"/>
		<flag attackable="1"/>
		<flag hostile="1"/>
		<flag illusionable="1"/>
		<flag convinceable="0"/>
		<flag pushable="0"/>
		<flag canpushitems="1"/>
		<flag canpushcreatures="0"/>
		<flag staticattack="90"/>
		<flag canwalkonenergy="0"/>
		<flag canwalkonfire="0"/>
		<flag canwalkonpoison="0"/>
	</flags>
	<attacks>
		<attack name="melee" interval="1500" min="0" max="-120" poison="300"/>
		<attack name="physical" interval="2000" chance="20" radius="1" range="7" target="1" min="0" max="-50">
			<attribute key="shootEffect" value="largerock"/>
			<attribute key="areaEffect" value="explosion"/>
		</attack>
		<attack name="poisoncondition" interval="2000" chance="15" radius="4" target="0" min="-150" max="-200">
			<attribute key="areaEffect" value="greenbubble"/>
		</attack>
		<attack name="speed" interval="2000" chance="20" radius="3" speedchange="-600" duration="15000">
			<attribute key="areaEffect" value="redshimmer"/>
		</attack>
	</attacks>
	<defenses armor="20" defense="0"/>
	<elements>
		<element earthPercent="40"/>
		<element firePercent="-5"/>
		<element icePercent="-5"/>
	</elements>
	<voices interval="5000" chance="10">
		<voice sentence="*crackle*"/>
		<voice sentence="*swwwwishhhh*"/>
	</voices>
	<loot>
		<item name="gold coin" countmax="45" chance="97540"/>
		<item name="fir cone" chance="14950"/>
		<item name="dowser" chance="11880"/>
		<item name="small emerald" chance="1050"/>
		<item name="white mushroom" countmax="3" chance="5040"/>
		<item name="swampling club" chance="4890"/>
	</loot>
</monster>
