<?xml version="1.0" encoding="UTF-8"?>
<monster name="Eye of the Seven" nameDescription="an eye of the seven" race="venom" experience="0" speed="80">
	<health now="1" max="1"/>
	<look type="109" corpse="6036"/>
		<targetchange interval="4000" chance="10"/>
	<flags>
		<flag summonable="0"/>
		<flag attackable="0"/>
		<flag hostile="1"/>
		<flag illusionable="0"/>
		<flag convinceable="0"/>
		<flag pushable="0"/>
		<flag canpushitems="0"/>
		<flag canpushcreatures="1"/>
		<flag targetdistance="1"/>
		<flag staticattack="90"/>
		<flag runonhealth="100"/>
		<flag hidehealth="0"/>
		<flag canwalkonenergy="0"/>
		<flag canwalkonfire="0"/>
		<flag canwalkonpoison="0"/>
	</flags>
	<attacks>
			<attack name="energy" interval="2000" chance="100" range="7" min="0" max="-500">
			<attribute key="shootEffect" value="energy"/>
		</attack>
	</attacks>
	<defenses armor="1" defense="1"/>
	<immunities>
		<immunity physical="1"/>
		<immunity energy="1"/>
		<immunity fire="1"/>
		<immunity earth="1"/>
		<immunity ice="1"/>
		<immunity holy="1"/>
		<immunity death="1"/>
		<immunity paralyze="1"/>
	</immunities>
</monster>
