<?xml version="1.0" encoding="ISO-8859-1"?>
<monster name="Valkyrie" nameDescription="a valkyrie" race="blood" experience="85" speed="176" manacost="450">
	<health now="190" max="190"/>
	<look type="139" head="113" body="38" legs="95" feet="96" corpse="20523"/>
	<targetchange interval="4000" chance="10"/>
	<flags>
		<flag summonable="1"/>
		<flag attackable="1"/>
		<flag hostile="1"/>
		<flag illusionable="1"/>
		<flag convinceable="1"/>
		<flag pushable="0"/>
		<flag canpushitems="1"/>
		<flag canpushcreatures="0"/>
		<flag targetdistance="1"/>
		<flag staticattack="90"/>
		<flag runonhealth="10"/>
		<flag canwalkonenergy="0"/>
		<flag canwalkonfire="0"/>
		<flag canwalkonpoison="0"/>
	</flags>
	<attacks>
		<attack name="melee" interval="2000" min="0" max="-70"/>
		<attack name="physical" interval="2000" chance="15" range="5" min="0" max="-50">
			<attribute key="shootEffect" value="spear"/>
		</attack>
	</attacks>
	<defenses armor="12" defense="12"/>
	<elements>
		<element icePercent="10"/>
		<element firePercent="10"/>
		<element holyPercent="5"/>
		<element deathPercent="-5"/>
		<element physicalPercent="-10"/>
	</elements>
	<voices interval="5000" chance="10">
		<voice sentence="Another head for me!"/>
		<voice sentence="Head off!"/>
		<voice sentence="Your head will be mine!"/>
		<voice sentence="Stand still!"/>
		<voice sentence="One more head for me!"/>
	</voices>
	<loot>
		<item name="spear" countmax="3" chance="55000"/>
		<item name="gold coin" countmax="12" chance="32000"/>
		<item name="meat" chance="30000"/>
		<item name="chain armor" chance="10000"/>
		<item name="red apple" countmax="2" chance="7500"/>
		<item name="girlish hair decoration" chance="5900"/>
		<item name="hunting spear" chance="5155"/>
		<item name="protective charm" chance="3200"/>
		<item name="protection amulet" chance="1100"/>
		<item name="plate armor" chance="830"/>
		<item id="2229" chance="760"/><!-- skull -->
		<item name="health potion" chance="500"/>
		<item name="double axe" chance="430"/>
		<item name="small diamond" chance="130"/>
	</loot>
</monster>
