<?xml version="1.0" encoding="UTF-8"?>
<monster name="Boogey" nameDescription="Boogey" race="undead" experience="475" speed="400">
	<health now="930" max="930" />
	<look type="300" corpse="8955" />
	<targetchange interval="5000" chance="10" />
	<flags>
		<flag summonable="0" />
		<flag attackable="1" />
		<flag hostile="1" />
		<flag illusionable="0" />
		<flag convinceable="0" />
		<flag pushable="0" />
		<flag canpushitems="1" />
		<flag canpushcreatures="1" />
		<flag targetdistance="1" />
		<flag staticattack="90" />
		<flag runonhealth="0" />
		<flag canwalkonenergy="0" />
		<flag canwalkonfire="0" />
		<flag canwalkonpoison="0" />
	</flags>
	<attacks>
		<attack name="melee" interval="1200" min="0" max="-120" />
		<attack name="physical" interval="1500" chance="30" range="7" min="0" max="-30">
			<attribute key="shootEffect" value="suddendeath" />
			<attribute key="areaEffect" value="mortarea" />
		</attack>
		<attack name="death" interval="1500" chance="30" range="7" radius="4" target="1" min="-12" max="-20">
			<attribute key="shootEffect" value="fire" />
			<attribute key="areaEffect" value="redspark" />
		</attack>
		<attack name="physical" interval="1500" chance="40" lenght="8" spread="3" min="-20" max="-30">
			<attribute key="areaEffect" value="mortarea" />
		</attack>
	</attacks>
	<defenses armor="30" defense="30">
		<defense name="healing" interval="2000" chance="25" min="80" max="120">
			<attribute key="areaEffect" value="blueshimmer" />
		</defense>
	</defenses>
	<elements>
		<element earthPercent="40" />
		<element icePercent="25" />
		<element energyPercent="-10" />
		<element holyPercent="-10" />
		<element firePercent="-10" />
	</elements>
	<immunities>
		<immunity death="1" />
		<immunity drown="1" />
		<immunity lifedrain="1" />
		<immunity invisible="1" />
	</immunities>
	<voices interval="2000" chance="7">
		<voice sentence="Since you didn't eat your spinach Bogey comes to get you!" yell="1" />
		<voice sentence="Too bad you did not eat your lunch, now I have to punish you!" yell="1" />
		<voice sentence="Even if you beat me, I'll hide in your closet until you one day drop your guard!" yell="1" />
		<voice sentence="You better had believe in me!" yell="1" />
		<voice sentence="I'll take you into the darkness ... forever!" yell="1" />
	</voices>
	<summons maxSummons="2">
		<summon name="Demon Skeleton" interval="4000" chance="40" />
	</summons>
	<loot>
		<item id="10296" chance="1000" />	<!-- heavy metal t-shirt -->
		<item id="10302" chance="1000" />	<!-- club of the fury -->
		<item id="10301" chance="1000" />	<!-- scythe of the reaper -->
		<item id="10295" chance="1000" />	<!-- musician's bow -->
	</loot>
</monster>
