<?xml version="1.0" encoding="UTF-8"?>
<monster name="Bullwark" nameDescription="Bullwark" race="blood" experience="22000" speed="300">
	<health now="72000" max="72000"/>
	<look type="607" corpse="23367"/>
	<targetchange interval="2000" chance="3"/>
	<flags>
		<flag summonable="0"/>
		<flag attackable="1"/>
		<flag hostile="1"/>
		<flag illusionable="0"/>
		<flag convinceable="0"/>
		<flag pushable="0"/>
		<flag canpushitems="1"/>
		<flag canpushcreatures="1"/>
		<flag targetdistance="1"/>
		<flag staticattack="90"/>
		<flag runonhealth="0"/>
	</flags>
	<attacks>
		<attack name="melee" interval="2000" skill="180" attack="200"/>
		<attack name="lifedrain" interval="2000" chance="19" radius="6" target="0" min="-200" max="-400">
			<attribute key="areaEffect" value="redshimmer"/>
		</attack>
		<attack name="bleedcondition" interval="2000" chance="9" radius="8" target="0" min="-400" max="-600">
			<attribute key="areaEffect" value="iceattack"/>
		</attack>
		<attack name="physical" interval="2000" chance="8" range="7" target="1" radius="6" min="-250" max="-400">
			<attribute key="shootEffect" value="largerock"/>
			<attribute key="areaEffect" value="stones"/>
		</attack>
		<attack name="physical" interval="2000" chance="13" range="7" target="1" radius="4" min="-200" max="-400">
			<attribute key="shootEffect" value="whirlwindclub"/>
			<attribute key="areaEffect" value="explosion"/>
		</attack>
		<attack name="bullwark paralyze" interval="2000" chance="6"/>
	</attacks>
	<defenses armor="48" defense="66">
		<defense name="healing" interval="2000" chance="1" min="4000" max="6000">
			<attribute key="areaEffect" value="blueshimmer"/>
		</defense>
		<defense name="speed" interval="2000" chance="11" speedchange="660" duration="7000">
			<attribute key="areaEffect" value="blackspark"/>
		</defense>
		<defense name="bullwark summon" interval="2000" chance="9"/>
	</defenses>
	<elements>
		<element energyPercent="1"/>
		<element icePercent="15"/>
		<element firePercent="1"/>
		<element deathPercent="1"/>
	</elements>
	<immunities>
		<immunity earth="1"/>
		<immunity invisible="1"/>
	</immunities>
	<loot>
		<item id="2148" countmax="200" chance="100000"/>	<!-- gold coin -->
		<item id="2152" countmax="5" chance="100000"/>		<!-- platinum coin -->
		<item id="23571" countmax="2" chance="100000"/> <!-- moohtant horn -->
		<item id="23570" chance="100000"/><!-- giant pacifier -->
		<item id="23590" chance="500"/><!-- one hit wonder -->
		<item id="7591" countmax="5" chance="50000"/>		<!-- great health potion -->
		<item id="7590" countmax="5" chance="50000"/>		<!-- great mana potion -->
		<item id="2666" countmax="5" chance="50000"/>						<!-- meat -->
		<item id="2671" countmax="5" chance="50000"/>						<!-- ham -->
		<item id="5878" chance="100000"/>						<!-- minotaur leather -->
		<item id="2145" countmax="5" chance="30000"/>		<!-- small diamond -->
		<item id="5911" chance="5000"/>						<!-- red piece of cloth -->
	</loot>
</monster>
