<?xml version="1.0" encoding="UTF-8"?>
<monster name="Chikhaton" nameDescription="Chikhaton" race="blood" experience="20000" speed="220">
	<health now="20000" max="20000" />
	<look type="361" corpse="12273" />
	<targetchange interval="5000" chance="30" />
	<flags>
		<flag summonable="0" />
		<flag attackable="1" />
		<flag hostile="1" />
		<flag illusionable="0" />
		<flag convinceable="0" />
		<flag pushable="0" />
		<flag canpushitems="1" />
		<flag canpushcreatures="1" />
		<flag staticattack="90" />
		<flag targetdistance="1" />
		<flag runonhealth="0" />
	</flags>
	<attacks>
		<attack name="melee" interval="2000" min="0" max="-1130" />
		<attack name="physical" interval="2000" chance="15" range="7" min="0" max="-500">
			<attribute key="shootEffect" value="largerock" />
		</attack>
	</attacks>
	<defenses armor="35" defense="35">
		<defense name="healing" interval="4000" chance="15" min="550" max="850">
			<attribute key="areaEffect" value="blueshimmer" />
		</defense>
	</defenses>
	<elements>
		<element physicalPercent="50" />
	</elements>
	<immunities>
		<immunity invisible="1" />
	</immunities>
	<voices interval="2000" chance="7">
		<voice sentence="Victis" />
	</voices>
</monster>
