<?xml version="1.0" encoding="UTF-8"?>
<monster name="Death Priest Shargon" nameDescription="Death Priest Shargon" race="blood" experience="20000" speed="600" manacost="490">
	<health now="65000" max="65000"/>
	<look type="278" head="0" body="0" legs="0" feet="0" corpse="20331" addons="3"/>
	<targetchange interval="5000" chance="8"/>
	<flags>
		<flag summonable="0"/>
		<flag attackable="1"/>
		<flag hostile="1"/>
		<flag illusionable="0"/>
		<flag convinceable="0"/>
		<flag pushable="0"/>
		<flag canpushitems="1"/>
		<flag canpushcreatures="1"/>
		<flag targetdistance="1"/>
		<flag staticattack="90"/>
		<flag runonhealth="0"/>
	</flags>
	<attacks>
		<attack name="melee" interval="2000" min="0" max="-650"/>
		<attack name="death" interval="1000" chance="12" range="7" min="-500" max="-1250">
			<attribute key="shootEffect" value="suddendeath"/>
			<attribute key="areaEffect" value="mortarea"/>
		</attack>
		<attack name="lifedrain" interval="3000" chance="17" length="8" spread="0" target="0" min="-500" max="-700">
			<attribute key="areaEffect" value="redshimmer"/>
		</attack>
		<attack name="drunk" interval="3000" chance="11" radius="6" target="0" duration="25000">
			<attribute key="areaEffect" value="poison"/>
		</attack>
		<attack name="speed" interval="1000" chance="25" length="7" spread="3" target="0" speedchange="-350" duration="30000">
			<attribute key="areaEffect" value="poison"/>
		</attack>
		<attack name="poisoncondition" interval="2000" chance="30" radius="5" target="0" min="-35" max="-35"/>
	</attacks>
	<defenses armor="25" defense="30">
		<defense name="healing" interval="2000" chance="15" min="200" max="400">
			<attribute key="areaEffect" value="blueshimmer"/>
		</defense>
	</defenses>
	<elements>
		<element earthPercent="50"/>
		<element icePercent="20"/>
		<element energyPercent="5"/>
		<element physicalPercent="-5"/>
	</elements>
	<immunities>
		<immunity death="1"/>
		<immunity paralyze="1"/>
		<immunity invisible="1"/>
		<immunity lifedrain="1"/>
	</immunities>
	<summons maxSummons="2">
		<summon name="Sandstone Scorpion" interval="1000" chance="12"/>
	</summons>
	<loot>
		<item id="2185" chance="100000"/>				<!-- Necrotic Rod-->
		<item id="2148" countmax="243" chance="95000"/>	<!-- gold coin -->
		<item id="2152" countmax="15" chance="36000"/>	<!-- platinum coin -->
		<item id="9971" chance="17000"/>				<!-- Gold Ingot -->
		<item id="7591" countmax="5" chance="14000"/>	<!-- Great Health Potions -->
	</loot>
</monster>
