<?xml version="1.0" encoding="UTF-8"?>
<monster name="Deathstrike" nameDescription="Deathstrike" race="blood" experience="40000" speed="470">
	<health now="200000" max="200000" />
	<look type="500" corpse="18384" />
	<targetchange interval="5000" chance="8" />
	<flags>
		<flag summonable="0" />
		<flag attackable="1" />
		<flag hostile="1" />
		<flag illusionable="0" />
		<flag convinceable="0" />
		<flag pushable="0" />
		<flag canpushitems="1" />
		<flag canpushcreatures="1" />
		<flag targetdistance="0" />
		<flag staticattack="50" />
		<flag runonhealth="2000" />
	</flags>
	<attacks>
		<attack name="melee" interval="1300" skill="80" attack="120" />
		<attack name="speed" interval="2000" chance="20" range="7" speedchange="-400" duration="2500">
			<attribute key="shootEffect" value="whirlwindaxe" />
		</attack>
		<attack name="fire" interval="2000" chance="100" range="7" min="-820" max="-950">
			<attribute key="areaEffect" value="firearea" />
		</attack>
		<attack name="energy" interval="1000" chance="12" range="3" target="1" min="-350" max="-800">
			<attribute key="areaEffect" value="purpleenergy" />
		</attack>
	</attacks>
	<defenses armor="25" defense="35">
		<defense name="healing" interval="1000" chance="25" min="1000" max="5500">
			<attribute key="areaEffect" value="blueshimmer" />
		</defense>
	</defenses>
	<elements>
		<element physicalPercent="40" />
		<element holyPercent="20" />
		<element deathPercent="50" />
		<element firePercent="50" />
		<element icePercent="40" />
	</elements>
	<immunities>
		<immunity earth="1" />
		<immunity drown="1" />
		<immunity paralyze="1" />
		<immunity invisible="1" />
	</immunities>
	<voices interval="2000" chance="7">
		<voice sentence="Deeestructiooon!" />
		<voice sentence="Maaahhhrrr!" />
		<voice sentence="I am carnage incarnate!" />
		<voice sentence="I've seen the light! And it was all engulfing fire!" />
		<voice sentence="Taaake... this!" />
	</voices>
	<loot>
		<item id="18465" chance="8430" />	<!-- shiny blade -->
		<item id="18452" chance="6570" />	<!-- mycological mace -->
		<item id="18450" chance="10480" />	<!-- crystalline sword -->
		<item id="18430" chance="100000" />	<!-- deathstrike's snippets -->
		<item id="18453" chance="12380" />	<!-- crystalline crossbow -->
		<item id="18451" chance="7430" />	<!-- crystalline axe -->
		<item id="18454" chance="11430" />	<!-- mycological bow -->
	</loot>
</monster>
