<?xml version="1.0" encoding="UTF-8"?>
<monster name="Deep Terror" nameDescription="Deep Terror" race="blood" experience="35000" speed="200" script="rewardboss.lua">
	<health now="100000" max="100000"/>
	<look type="676" corpse="24269"/>
	<targetchange interval="5000" chance="8"/>
	<flags>
		<flag summonable="0"/>
		<flag attackable="1"/>
		<flag hostile="1"/>
		<flag illusionable="0"/>
		<flag convinceable="0"/>
		<flag pushable="0"/>
		<flag canpushitems="1"/>
		<flag canpushcreatures="1"/>
		<flag targetdistance="1"/>
		<flag staticattack="90"/>
		<flag runonhealth="0"/>
		<flag rewardboss="1"/>
		<flag canwalkonenergy="1"/>
		<flag canwalkonfire="1"/>
		<flag canwalkonpoison="1"/>
	</flags>
	<attacks>
		<attack name="melee" interval="2000" skill="130" attack="100"/>
		<attack name="physical" interval="2000" chance="32" radius="8" target="0" min="-200" max="-400">
			<attribute key="areaEffect" value="carniphila"/>
		</attack>
		<attack name="poison" interval="2000" chance="19" range="7" radius="3" target="1" min="-300" max="-700">
			<attribute key="shootEffect" value="poison"/>
			<attribute key="areaEffect" value="carniphila"/>
		</attack>
		<attack name="physical" interval="2000" chance="25" length="7" spread="0" min="-500" max="-1000">
			<attribute key="areaEffect" value="groundshaker"/>
		</attack>
	</attacks>
	<defenses armor="22" defense="35">
		<defense name="healing" interval="2000" chance="11" min="500" max="1000">
			<attribute key="areaEffect" value="blueshimmer"/>
		</defense>
	</defenses>
	<elements>
		<element firePercent="10"/>
		<element energyPercent="10"/>
		<element icePercent="10"/>
		<element holyPercent="10"/>
		<element deathPercent="10"/>
	</elements>
	<immunities>
		<immunity paralyze="1"/>
		<immunity poison="1"/>
		<immunity invisible="1"/>
	</immunities>
	<loot>
		<item id="24268" chance="10000" unique="1"/><!-- glooth glider tubes and wires -->
	</loot>
</monster>
