<?xml version="1.0" encoding="UTF-8"?>
<monster name="Dharalion" nameDescription="Dharalion" race="blood" experience="570" speed="240">
	<health now="380" max="380"/>
	<look type="203" corpse="6011"/>
	<targetchange interval="5000" chance="8"/>
	<flags>
		<flag summonable="0"/>
		<flag attackable="1"/>
		<flag hostile="1"/>
		<flag illusionable="0"/>
		<flag convinceable="0"/>
		<flag pushable="0"/>
		<flag canpushitems="1"/>
		<flag canpushcreatures="1"/>
		<flag targetdistance="4"/>
		<flag staticattack="90"/>
		<flag runonhealth="0"/>
	</flags>
	<attacks>
		<attack name="melee" interval="2000" skill="30" attack="28"/>
		<attack name="manadrain" interval="1000" chance="15" range="7" min="-30" max="-60"/>
		<attack name="energy" interval="1000" chance="13" range="7" min="-70" max="-90">
			<attribute key="shootEffect" value="energy"/>
			<attribute key="areaEffect" value="energy"/>
		</attack>
		<attack name="physical" interval="1000" chance="10" range="7" min="-80" max="-151">
			<attribute key="shootEffect" value="suddendeath"/>
		</attack>
		<attack name="effect" interval="1000" chance="13" range="7">
			<attribute key="shootEffect" value="poison"/>
			<attribute key="areaEffect" value="poison"/>
		</attack>
	</attacks>
	<defenses armor="15" defense="25">
		<defense name="healing" interval="1000" chance="20" min="90" max="120">
			<attribute key="areaEffect" value="blueshimmer"/>
		</defense>
		<defense name="speed" interval="1000" chance="7" speedchange="300" duration="10000">
			<attribute key="areaEffect" value="redshimmer"/>
		</defense>
	</defenses>
	<immunities>
		<immunity fire="1"/>
		<immunity poison="1"/>
		<immunity lifedrain="1"/>
		<immunity invisible="1"/>
	</immunities>
	<summons maxSummons="2">
		<summon name="demon skeleton" interval="1000" chance="6" max="2"/>
	</summons>
	<voices interval="2000" chance="7">
		<voice sentence="Feel my wrath!"/>
		<voice sentence="No one will stop my ascension!"/>
		<voice sentence="You desecrated this temple!"/>
		<voice sentence="Muahahaha!"/>
		<voice sentence="My powers are divine!"/>
	</voices>
	<loot>
		<item id="2148" countmax="20" chance="100000"/><!-- gold coin -->
		<item id="2260" chance="4000"/><!-- blank rune -->
		<item id="2682" chance="6666"/><!-- melon -->
		<item id="2802" chance="10000"/><!-- sling herb -->
		<item id="2177" chance="2857"/><!-- life crystal -->
		<item id="2689" countmax="3" chance="20000"/><!-- bread -->
		<item id="2652" chance="5000"/><!-- green tunic -->
		<item id="2032" chance="4000"/><!-- bowl -->
		<item id="2154" chance="1333"/><!-- yellow gem -->
	</loot>
</monster>
