<?xml version="1.0" encoding="ISO-8859-1"?>
<monster name="Diseased Dan" nameDescription="a diseased Dan" race="venom" experience="300" speed="150">
	<health now="800" max="800" />
	<look type="299" corpse="8951" />
	<targetchange interval="60000" chance="0" />
	<flags>
		<flag summonable="0" />
		<flag attackable="1" />
		<flag hostile="1" />
		<flag illusionable="0" />
		<flag convinceable="0" />
		<flag pushable="0" />
		<flag canpushitems="1" />
		<flag staticattack="95" />
		<flag lightlevel="0" />
		<flag lightcolor="0" />
		<flag targetdistance="1" />
		<flag runonhealth="1" />
		<flag canwalkonenergy="0" />
		<flag canwalkonfire="0" />
		<flag canwalkonpoison="0" />
	</flags>
	<attacks>
		<attack name="melee" interval="2000" min="0" max="-207" poison="4" />
		<attack name="lifedrain" interval="2000" min="-90" max="-140" target="1">
			<attribute key="areaEffect" value="redshimmer" />
		</attack>
		<attack name="physical" interval="1000" chance="40" radius="2" target="0" min="-100" max="-175">
			<attribute key="shootEffect" value="smallearth" />
		</attack>
		<attack name="speed" interval="3000" chance="40" target="1" speedchange="-900" duration="20000">
			<attribute key="areaEffect" value="redshimmer" />
		</attack>
	</attacks>
	<defenses armor="10" defense="15">
		<defense name="speed" interval="10000" chance="40" speedchange="310" duration="20000">
			<attribute key="areaEffect" value="greenshimmer" />
		</defense>
		<defense name="healing" interval="5000" chance="60" min="50" max="80">
			<attribute key="areaEffect" value="blueshimmer" />
		</defense>
	</defenses>
	<elements>
		<element physicalPercent="-20" />
		<element energyPercent="-10" />
		<element earthPercent="30" />
		<element icePercent="-5" />
		<element holyPercent="-5" />
		<element deathPercent="5" />
		<element firePercent="85" />
	</elements>
	<immunities>
		<immunity paralyze="1" />
		<immunity invisible="1" />
	</immunities>
	<voices interval="2000" chance="5">
		<voice sentence="Where... Where am I?" />
		<voice sentence="Is that you, Tom?" />
		<voice sentence="Phew, what an awful smell ... oh, that's me." />
	</voices>
	<loot>
		<item name="gold coin" countmax="65" chance="28000" />
		<item name="gold coin" countmax="64" chance="28000" />
	</loot>
</monster>
