<?xml version="1.0" encoding="UTF-8"?>
<monster name="Dragonking Zyrtarch" nameDescription="dragonking zyrtarch" race="fire" experience="1600" speed="280" manacost="290">
	<health now="150000" max="150000" />
	<look type="938" corpse="27733" />
	<targetchange interval="5000" chance="0" />
	<flags>
		<flag summonable="0"/>
		<flag attackable="1"/>
		<flag hostile="1"/>
		<flag illusionable="0"/>
		<flag convinceable="0"/>
		<flag pushable="0"/>
		<flag canpushitems="1"/>
		<flag canpushcreatures="1"/>
		<flag staticattack="90"/>
		<flag targetdistance="1"/>
		<flag runonhealth="0"/>
		<flag canwalkonenergy="1" />
		<flag canwalkonfire="1" />
		<flag canwalkonpoison="1" />
	</flags>
	<attacks>
		<attack name="melee" interval="2000" skill="112" attack="85"/>
		<attack name="fire" interval="2000" chance="20" range="7" target="1" min="-110" max="-495">
			<attribute key="shootEffect" value="fire"/>
			<attribute key="areaEffect" value="firearea"/>
		</attack>
		<attack name="fire" interval="2000" chance="20" range="7" target="1" radius="4" min="-110" max="-495">
			<attribute key="shootEffect" value="fire"/>
			<attribute key="areaEffect" value="firearea"/>
		</attack>
		<attack name="physical" interval="2000" chance="20" radius="5" min="-110" max="-495">
			<attribute key="areaEffect" value="yellowspark"/>
		</attack>
		<attack name="firecondition" interval="2000" chance="15" radius="5" min="-1100" max="-1100">
			<attribute key="areaEffect" value="firearea"/>
		</attack>
		<attack name="fire" interval="2000" chance="15" length="9" spread="4" min="-710" max="-895">
			<attribute key="areaEffect" value="firearea"/>
		</attack>
		<attack name="fire" interval="2000" chance="15" length="9" spread="0" min="-710" max="-895">
			<attribute key="areaEffect" value="fire"/>
		</attack>
	</attacks>
	<defenses armor="52" defense="64"/>
	<immunities>
		<immunity fire="1" />
		<immunity drown="1" />
		<immunity lifedrain="1" />
		<immunity paralyze="1" />
		<immunity invisible="1" />
		<immunity energy="1" />
		<immunity ice="1" />
		<immunity earth="1" />
		<immunity death="1" />
		<immunity holy="1" />
		<immunity physical="1" />
	</immunities>
</monster>
