<?xml version="1.0" encoding="UTF-8"?>
<monster name="Dreadwing" nameDescription="Dreadwing" race="blood" experience="3750" speed="245">
	<health now="8500" max="8500" />
	<look type="307" corpse="9829" />
	<targetchange interval="2000" chance="10" />
	<flags>
		<flag summonable="0" />
		<flag attackable="1" />
		<flag hostile="1" />
		<flag illusionable="0" />
		<flag convinceable="0" />
		<flag pushable="0" />
		<flag canpushitems="1" />
		<flag canpushcreatures="1" />
		<flag targetdistance="1" />
		<flag staticattack="90" />
		<flag runonhealth="100" />
	</flags>
	<attacks>
		<attack name="melee" interval="2000" min="0" max="-240" poison="6" />
		<attack name="earth" interval="2000" chance="15" range="7" min="-70" max="-180">
			<attribute key="shootEffect" value="poison" />
		</attack>
		<attack name="drown" interval="2000" chance="15" target="0" radius="6" min="-130" max="-237">
			<attribute key="areaEffect" value="whitenote" />
		</attack>
		<attack name="mutated bat curse" interval="2000" chance="10" />
		<attack name="poisoncondition" interval="2000" chance="15" target="0" length="4" spread="3" min="-12" max="-12">
			<attribute key="areaeffect" value="poison" />
		</attack>
	</attacks>
	<defenses armor="30" defense="30">
		<defense name="healing" interval="2000" chance="10" min="80" max="95">
			<attribute key="areaEffect" value="blueshimmer" />
		</defense>
	</defenses>
	<immunities>
		<immunity death="1" />
		<immunity earth="1" />
		<immunity invisible="1" />
	</immunities>
	<voices interval="5000" chance="20">
		<voice sentence="More blood! More!" yell="1" />
	</voices>
</monster>
