<?xml version="1.0" encoding="ISO-8859-1"?>
<monster name="Ekatrix" nameDescription="Ekatrix" race="blood" experience="200" speed="102">
	<health now="500" max="500"/>
	<look type="54" corpse="20535"/>
	<targetchange interval="4000" chance="10"/>
	<flags>
		<flag summonable="0"/>
		<flag attackable="1"/>
		<flag hostile="1"/>
		<flag illusionable="1"/>
		<flag convinceable="0"/>
		<flag pushable="0"/>
		<flag canpushitems="1"/>
		<flag canpushcreatures="0"/>
		<flag targetdistance="4"/>
		<flag staticattack="90"/>
		<flag runonhealth="30"/>
		<flag canwalkonenergy="1"/>
		<flag canwalkonfire="0"/>
		<flag canwalkonpoison="0"/>
	</flags>
	<attacks>
		<attack name="melee" interval="2000" min="0" max="-20"/>
		<attack name="fire" interval="2000" chance="20" range="5" min="-30" max="-60">
			<attribute key="shootEffect" value="fire"/>
			<attribute key="areaEffect" value="fire"/>
		</attack>
		<attack name="firefield" interval="2000" chance="10" range="5" radius="1" target="1">
			<attribute key="shootEffect" value="fire"/>
		</attack>
	</attacks>
	<defenses armor="10" defense="10"/>
	<elements>
		<element earthPercent="20"/>
		<element holyPercent="-5"/>
		<element physicalPercent="-5"/>
	</elements>
	<immunities>
		<immunity invisible="1"/>
		<immunity energy="1"/>
	</immunities>
	<loot>
		<item name="gold coin" countmax="60" chance="100000"/>
		<item name="witch broom" chance="100000"/>
		<item name="cape" chance="62500"/>
		<item name="wolf tooth chain" chance="41670"/>
		<item name="broom" chance="37500"/>
		<item name="coat" chance="37500"/>
		<item name="cookie" countmax="10" chance="25000"/>
		<item name="star herb" chance="8333"/>
		<item name="bag of apple slices" chance="4170"/>
		<item name="necrotic rod" chance="4170"/>
	</loot>
</monster>
