<?xml version="1.0" encoding="UTF-8"?>
<monster name="Esmeralda" nameDescription="Esmeralda" race="blood" experience="600" speed="245">
	<health now="800" max="800" />
	<look type="305" corpse="9871" />
	<targetchange interval="5000" chance="8" />
	<flags>
		<flag summonable="0" />
		<flag attackable="1" />
		<flag hostile="1" />
		<flag illusionable="0" />
		<flag convinceable="0" />
		<flag pushable="0" />
		<flag canpushitems="1" />
		<flag canpushcreatures="1" />
		<flag targetdistance="1" />
		<flag staticattack="90" />
		<flag runonhealth="0" />
	</flags>
	<attacks>
		<attack name="melee" interval="2000" min="0" max="-170" poison="5" />
		<attack name="earth" interval="2000" chance="30" range="7" min="0" max="-110">
			<attribute key="shootEffect" value="poison" />
		</attack>
		<attack name="poisoncondition" interval="2000" chance="22" length="6" spread="0" min="-5" max="-5">
			<attribute key="areaEffect" value="smallplants" />
		</attack>
		<attack name="poisoncondition" interval="2000" chance="15" radius="3" min="-4" max="-4">
			<attribute key="areaEffect" value="poison" />
		</attack>
		<attack name="lifedrain" interval="2000" chance="25" radius="3" target="0" min="0" max="-110">
			<attribute key="areaEffect" value="redshimmer" />
		</attack>
	</attacks>
	<defenses armor="15" defense="15">
		<defense name="healing" interval="2000" chance="5" min="30" max="50">
			<attribute key="areaEffect" value="blueshimmer" />
		</defense>
	</defenses>
	<elements>
		<element firePercent="-10" />
	</elements>
	<immunities>
		<immunity death="1" />
		<immunity earth="1" />
		<immunity paralyze="1" />
		<immunity lifedrain="1" />
		<immunity drown="1" />
		<immunity invisible="1" />
	</immunities>
	<voices interval="2000" chance="7">
		<voice sentence="Fcccccchhhhhh" />
	</voices>
	<loot>
		<item id="2148" countmax="170" chance="100000" />	<!-- gold coin -->
		<item id="10585" chance="100000" />					<!-- mutated rat tail -->
		<item id="2214" chance="100000" />					<!-- ring of healing -->
		<item id="2152" countmax="4" chance="95000" />		<!-- platinum coin -->
		<item id="2147" countmax="3" chance="68000" />		<!-- small ruby -->
		<item id="2476" chance="54000" />					<!-- knight armor -->
		<item id="2528" chance="34000" />					<!-- tower shield -->
		<item id="2381" chance="31050" />					<!-- halberd -->
		<item id="2438" chance="26000" />					<!-- epee -->
		<item id="7884" chance="8200" />						<!-- terra mantle -->
		<item id="2799" chance="6500" />						<!-- stone herb -->
	</loot>
</monster>
