<?xml version="1.0" encoding="UTF-8"?>
<monster name="Fallen Challenger" nameDescription="a fallen challenger" race="undead" experience="0" speed="300">
	<health now="9000" max="9000"/>
	<look type="231" corpse="1397"/>
	<targetchange interval="5000" chance="8"/>
	<flags>
		<flag summonable="0"/>
		<flag attackable="1"/>
		<flag hostile="1"/>
		<flag illusionable="0"/>
		<flag convinceable="0"/>
		<flag pushable="0"/>
		<flag canpushitems="1"/>
		<flag canpushcreatures="1"/>
		<flag staticattack="90"/>
		<flag targetdistance="1"/>
		<flag runonhealth="0"/>
	</flags>
	<script>
		<event name="Fallen Death"/>
	</script>
	<attacks>
		<attack name="melee" interval="2000" skill="120" attack="130"/>
		<attack name="lifedrain" interval="1000" chance="13" radius="1" target="1" min="-400" max="-600"/>
		<attack name="death" interval="3000" chance="34" range="1" radius="1" target="1" min="-180" max="-500">
			<attribute key="shootEffect" value="death"/>
		</attack>
	</attacks>
	<defenses armor="50" defense="55">
		<defense name="healing" interval="5000" chance="25" min="60" max="100">
			<attribute key="areaEffect" value="blueshimmer"/>
		</defense>
	</defenses>
	<immunities>
		<immunity drunk="1"/>
		<immunity invisible="1"/>
		<immunity energy="1"/>
		<immunity fire="1"/>
		<immunity poison="1"/>
	</immunities>
</monster>
