<?xml version="1.0" encoding="UTF-8"?>
<monster name="Fazzrah" nameDescription="Fazzrah" race="blood" experience="2600" speed="290">
	<health now="2955" max="2955" />
	<look type="343" corpse="11284" />
	<targetchange interval="5000" chance="8" />
	<flags>
		<flag summonable="0" />
		<flag attackable="1" />
		<flag hostile="1" />
		<flag illusionable="0" />
		<flag convinceable="0" />
		<flag pushable="0" />
		<flag canpushitems="1" />
		<flag canpushcreatures="0" />
		<flag targetdistance="1" />
		<flag staticattack="90" />
		<flag runonhealth="0" />
	</flags>
	<attacks>
		<attack name="melee" interval="2000" min="0" max="-260" />
		<attack name="poison" interval="2000" chance="25" range="7" min="-220" max="-270">
			<attribute key="shootEffect" value="poison" />
			<attribute key="areaEffect" value="greenbubble" />
		</attack>
	</attacks>
	<defenses armor="35" defense="35">
		<defense name="healing" interval="2000" chance="10" min="200" max="280">
			<attribute key="areaEffect" value="greenshimmer" />
		</defense>
	</defenses>
	<elements>
		<element firePercent="1" />
		<element icePercent="-1" />
	</elements>
	<immunities>
		<immunity earth="1" />
		<immunity invisible="1" />
	</immunities>
	<loot>
		<item id="2148" countmax="292" chance="100000" />	<!-- gold coin -->
		<item id="5876" chance="100000" />					<!-- lizard leather -->
		<item id="5881" chance="100000" />					<!-- lizard scale -->
		<item id="2152" countmax="5" chance="100000" />		<!-- platinum coin -->
		<item id="7588" chance="100000" />					<!-- strong health potion -->
		<item id="11330" chance="100000" />					<!-- zaogun flag -->
		<item id="11331" chance="100000" />					<!-- zaogun shoulderplates -->
		<item id="7591" countmax="3" chance="75000" />		<!-- great health potion -->
		<item id="11303" chance="75000" />					<!-- zaoan shoes -->
		<item id="2149" countmax="5" chance="71000" />		<!-- small emerald -->
		<item id="11206" chance="25000" />					<!-- red lantern -->
		<item id="11304" chance="6250" />					<!-- zaoan legs -->
		<item id="11301" chance="3130" />					<!-- zaoan armor -->
	</loot>
</monster>
