<?xml version="1.0" encoding="UTF-8"?>
<monster name="Feroxa" nameDescription="Feroxa" experience="0" speed="400" race="blood">
	<health now="130000" max="130000"/>
	<targetchange speed="2000" chance="2"/>
	<look type="716" head="57" body="76" legs="77" feet="57" corpse="0"/>
	<flags>
		<flag summonable="0"/>
		<flag attackable="1"/>
		<flag hostile="1"/>
		<flag illusionable="0"/>
		<flag convinceable="0"/>
		<flag pushable="0"/>
		<flag canpushitems="1"/>
		<flag canpushcreatures="1"/>
		<flag targetdistance="1"/>
		<flag staticattack="90"/>
		<flag runonhealth="0"/>
	</flags>
	<script>
		<event name="feroxaDeath"/>
	</script>
	<attacks>
		<attack name="melee" interval="2000" min="-1400" max="-1800"/>
		<attack name="death" interval="2000" chance="20" radius="6" target="0" min="-700" max="-1250">
			<attribute key="areaEffect" value="mortarea"/>
		</attack>
		<attack name="manadrain" interval="2000" chance="20" length="9" spread="1" min="-700" max="-1250">
			<attribute key="areaEffect" value="blueshimmer"/>
		</attack>
		<attack name="physical" interval="2000" chance="20" range="6" target="1" min="-700" max="-1250">
			<attribute key="shootEffect" value="arrow"/>
			<attribute key="areaEffect" value="explosionarea"/>
		</attack>
	</attacks>
	<defenses armor="50" defense="55">
		<defense name="speed" interval="2000" chance="12" speedchange="1250" duration="10000">
			<attribute key="areaEffect" value="redshimmer"/>
		</defense>
		<defense name="feroxa summon" interval="2000" chance="20"/>
	</defenses>
	<elements>
		<element physicalPercent="30"/>
		<element deathPercent="30"/>
		<element icePercent="30"/>
		<element firePercent="30"/>
		<element earthPercent="30"/>
		<element energyPercent="30"/>
		<element holyPercent="30"/>
	</elements>
	<immunities>
		<immunity paralyze="1"/>
		<immunity invisible="1"/>
		<immunity drunk="1"/>
	</immunities>
</monster>
