<?xml version="1.0" encoding="UTF-8"?>
<monster name="Feroxa" nameDescription="Feroxa" experience="0" speed="350" race="blood" script="rewardboss.lua">
	<health now="150000" max="150000"/>
	<look type="731" head="57" body="76" legs="77" feet="57" corpse="24745"/>
	<targetchange speed="2000" chance="2"/>
	<flags>
		<flag summonable="0"/>
		<flag attackable="1"/>
		<flag hostile="1"/>
		<flag illusionable="0"/>
		<flag convinceable="0"/>
		<flag pushable="0"/>
		<flag canpushitems="1"/>
		<flag canpushcreatures="1"/>
		<flag targetdistance="1"/>
		<flag staticattack="90"/>
		<flag runonhealth="0"/>
		<flag rewardboss="1"/>
	</flags>
	<attacks>
		<attack name="melee" interval="2000" min="-1400" max="-1800"/>
		<attack name="death" interval="2000" chance="20" radius="6" target="0" min="-700" max="-1050">
			<attribute key="areaEffect" value="mortarea"/>
		</attack>
		<attack name="manadrain" interval="2000" chance="20" length="9" spread="1" min="-700" max="-1250">
			<attribute key="areaEffect" value="blueshimmer"/>
		</attack>
		<attack name="physical" interval="2000" chance="20" radius="7" min="-450" max="-700">
			<attribute key="areaEffect" value="yellowspark"/>
		</attack>
	</attacks>
	<defenses armor="50" defense="55">
		<defense name="speed" interval="2000" chance="12" speedchange="1250" duration="10000">
			<attribute key="areaEffect" value="redshimmer"/>
		</defense>
		<defense name="feroxa summon" interval="2000" chance="20"/>
	</defenses>
	<immunities>
		<immunity paralyze="1"/>
		<immunity invisible="1"/>
		<immunity drunk="1"/>
	</immunities>
	<loot>
		<item id="18413" countmax="5" chance="10000"/><!-- blue crystal shard -->
		<item id="18414" countmax="5" chance="10000"/><!-- violet crystal shard -->
		<item id="18418" countmax="5" chance="10000"/><!-- blue crystal splinter -->
		<item id="2158" chance="2500"/><!-- blue gem -->
		<item id="2156" chance="2500"/><!-- red gem -->
		<item id="2195" chance="1500"/><!-- boots of haste -->
		<item id="2152" countmax="50" chance="100000"/><!-- platinum coin -->
		<item id="8473" countmax="5" chance="10000"/><!-- ultimate health potion -->
		<item id="7590" countmax="5" chance="10000"/><!-- great mana potion -->
		<item id="7591" countmax="5" chance="10000"/><!-- great health potion -->
		<item id="24718" chance="10000" unique="1"/><!-- werewolf helmet -->
		<item id="24716" chance="1500"/><!-- werewolf amulet -->
		<item id="24740" chance="1500"/><!-- wolf backpack -->
		<item id="7436" chance="1500"/><!-- angelic axe -->
		<item id="7419" chance="1500"/><!-- dreaded cleaver -->
		<item id="24741" chance="1500"/><!-- fur armor -->
		<item id="24742" chance="1500"/><!-- badger boots -->
		<item id="24760" chance="12000"/><!-- trophy of feroxa -->
	</loot>
</monster>
