<?xml version="1.0" encoding="UTF-8"?>
<monster name="Fleshcrawler" nameDescription="Fleshcrawler" race="venom" experience="1000" speed="230">
	<health now="1450" max="1450" />
	<look type="79" corpse="6021" />
	<targetchange interval="4000" chance="10" />
	<flags>
		<flag summonable="0" />
		<flag attackable="1" />
		<flag hostile="1" />
		<flag illusionable="0" />
		<flag convinceable="0" />
		<flag pushable="0" />
		<flag canpushitems="1" />
		<flag canpushcreatures="1" />
		<flag targetdistance="1" />
		<flag staticattack="80" />
		<flag runonhealth="0" />
	</flags>
	<attacks>
		<attack name="melee" interval="2000" min="0" max="-330" />
		<attack name="poison" interval="2000" chance="20" range="7" min="0" max="-150">
			<attribute key="shootEffect" value="poison" />
			<attribute key="areaEffect" value="poison" />
		</attack>
		<attack name="speed" interval="2000" chance="15" range="7" speedchange="-700" duration="25000">
			<attribute key="shootEffect" value="poison" />
			<attribute key="areaEffect" value="poison" />
		</attack>
		<attack name="poisoncondition" interval="2000" chance="30" radius="5" target="0" min="0" max="-520">
			<attribute key="areaEffect" value="poison" />
		</attack>
	</attacks>
	<defenses armor="30" defense="30" />
	<elements>
		<element firePercent="-15" />
		<element deathPercent="-10" />
	</elements>
	<immunities>
		<immunity earth="1" />
		<immunity paralyze="1" />
		<immunity invisible="1" />
	</immunities>
	<summons maxSummons="3">
		<summon name="Larva" interval="2000" chance="10" max="3" />
	</summons>
	<loot>
		<item id="2152" countmax="15" chance="98890" /><!-- platinum coin -->
		<item id="2159" countmax="2" chance="98890" /><!-- scarab coin -->
		<item id="2149" countmax="3" chance="88890" /><!-- small emerald -->
		<item id="2150" countmax="4" chance="87220" /><!-- small amethyst -->
		<item id="10548" chance="100000" /><!-- scarab pincers -->
		<item id="2142" chance="45560" /><!-- ancient amulet -->
		<item id="2135" chance="52220" /><!-- scarab amulet -->
		<item id="7884" chance="11110" /><!-- terra mantle -->
		<item id="7588" chance="43330" /><!-- strong health potion -->
		<item id="8912" chance="75560" /><!-- springsprout rod -->
		<item id="2540" chance="43890" /><!-- scarab shield -->
		<item id="7426" chance="30560" /><!-- amber staff -->
		<item id="12424" chance="14440" /><!-- ornamented brooch -->
	</loot>
</monster>
