<?xml version="1.0" encoding="ISO-8859-1"?>
<monster name="Gaffir" nameDescription="a gaffir" race="blood" experience="25000" speed="190" script="rewardboss.lua">
	<health now="48500" max="48500"/>
	<look type="1217" head="34" body="129" legs="113" feet="19" addons="0" corpse="36142"/>
	<targetchange interval="4000" chance="10"/>
	<flags>
		<flag rewardboss="1"/>
		<flag summonable="0"/>
		<flag attackable="1"/>
		<flag hostile="1"/>
		<flag illusionable="0"/>
		<flag convinceable="0"/>
		<flag pushable="0"/>
		<flag canpushitems="1"/>
		<flag canpushcreatures="1"/>
		<flag targetdistance="1"/>
		<flag staticattack="90"/>
		<flag runonhealth="0"/>
		<flag canwalkonenergy="1"/>
		<flag canwalkonfire="1"/>
		<flag canwalkonpoison="1"/>
	</flags>
	<attacks>
		<attack name="melee" interval="2000" min="0" max="-550"/>
		<attack name="physical" interval="2000" chance="8" radius="3" min="-450" max="-650">
			<attribute key="areaEffect" value="groundshaker"/>
		</attack>
		<attack name="earth" interval="2000" chance="10" length="5" spread="0" min="-400" max="-580">
			<attribute key="areaEffect" value="explosion"/>
		</attack>
		<attack name="fire" interval="3000" chance="14" distance="4" target="1" min="-500" max="-750">
			<attribute key="shootEffect" value="fire"/>
		</attack>
		<attack name="earth" interval="2000" chance="16" distance="4" radius="4" target="1" min="-500" max="-620">
			<attribute key="shootEffect" value="earth"/>
			<attribute key="areaEffect" value="greenbubble"/>
		</attack>
		<attack name="earth" interval="3000" chance="12" radius="2" min="-320" max="-500">
			<attribute key="areaEffect" value="greenbubble"/>
		</attack>
	</attacks>
	<defenses armor="83" defense="83"/>
	<immunities>
		<immunity earth="1"/>
		<immunity invisible="1"/>
		<immunity paralyze="1"/>
	</immunities>
	<summons maxSummons="1">
		<summon name="Black Cobra" interval="2000" chance="10" max="1"/>
	</summons>
	<loot>
		<item name="Platinum Coin" countmin="14" countmax="17" chance="100000"/>
		<item name="Small Ruby" countmax="2" chance="33500"/>
		<item name="Small Sapphire" chance="33500"/>
		<item name="Small Topaz" chance="33500"/>
		<item name="Small Diamond" chance="33500"/>
		<item name="Terra Rod" countmax="3" chance="26000"/>
		<item name="Springsprout Rod" chance="19000"/>
		<item name="Great Spirit Potion" chance="16400"/>
		<item name="Spellbook of Warding" chance="9500"/>
		<item name="Ring of Healing" chance="6400"/>
		<item name="Cobra Crest" chance="560"/>
	</loot>
</monster>
