<?xml version="1.0" encoding="UTF-8"?>
<monster name="General Murius" nameDescription="General Murius" race="blood" experience="450" speed="250">
	<health now="550" max="550"/>
	<look type="611" corpse="23462"/>
	<targetchange interval="5000" chance="8"/>
	<flags>
		<flag summonable="0"/>
		<flag attackable="1"/>
		<flag hostile="1"/>
		<flag illusionable="0"/>
		<flag convinceable="0"/>
		<flag pushable="0"/>
		<flag canpushitems="1"/>
		<flag canpushcreatures="1"/>
		<flag targetdistance="1"/>
		<flag staticattack="90"/>
		<flag runonhealth="0"/>
	</flags>
	<attacks>
		<attack name="melee" interval="2000" min="0" max="-170"/>
		<attack name="physical" interval="1000" chance="12" range="7" min="0" max="-120">
			<attribute key="shootEffect" value="bolt"/>
		</attack>
		<attack name="physical" interval="1000" chance="10" radius="3" target="0" min="0" max="-80">
			<attribute key="areaEffect" value="blackspark"/>
		</attack>
	</attacks>
	<defenses armor="16" defense="22">
		<defense name="healing" interval="1000" chance="15" min="50" max="100">
			<attribute key="areaEffect" value="blueshimmer"/>
		</defense>
		<defense name="speed" interval="2000" chance="15" speedchange="275" duration="5000">
			<attribute key="areaEffect" value="redshimmer"/>
		</defense>
	</defenses>
	<immunities>
		<immunity invisible="1"/>
	</immunities>
	<summons maxSummons="4">
		<summon name="Minotaur Archer" interval="1000" chance="15" max="2"/>
		<summon name="Minotaur Guard" interval="1000" chance="12" max="2"/>
	</summons>
	<voices interval="2000" chance="7">
		<voice sentence="You will get what you deserve!"/>
		<voice sentence="Feel the power of the Mooh'Tah!"/>
		<voice sentence="For the king!"/>
		<voice sentence="Guards!"/>
	</voices>
	<loot>
		<item id="2148" countmax="90" chance="100000"/>	<!-- gold coin -->
		<item id="12428" chance="100000"/>				<!-- minotaur horn -->
		<item id="5878" chance="100000"/>				<!-- minotaur leather -->
		<item id="2152" countmax="3" chance="80000"/>	<!-- platinum coin -->
		<item id="2513" chance="40000"/>				<!-- battle shield -->
		<item id="2465" chance="60000"/>				<!-- brass armor -->
		<item id="2648" chance="40000"/>				<!-- chain legs -->
		<item id="2387" chance="60000"/>				<!-- double axe -->
		<item id="7401" chance="40000"/>				<!-- minotaur trophy -->
		<item id="7363" countmax="7" chance="40000"/>	<!-- piercing bolt -->
		<item id="2666" countmax="3" chance="20000"/>	<!-- meat -->
		<item id="2547" countmax="7" chance="20000"/>	<!-- power bolt -->
		<item id="7588" chance="20000"/>				<!-- strong health potion -->
	</loot>
</monster>
