<?xml version="1.0" encoding="UTF-8"?>
<monster name="Glooth Brigand" nameDescription="a glooth brigand" race="blood" experience="1900" speed="320" manacost="490">
	<health now="2400" max="2400"/>
	<look type="137" head="114" body="114" legs="110" feet="114" corpse="24257"/>
	<targetchange interval="5000" chance="5"/>
	<flags>
		<flag summonable="0"/>
		<flag attackable="1"/>
		<flag hostile="1"/>
		<flag illusionable="0"/>
		<flag convinceable="0"/>
		<flag pushable="1"/>
		<flag canpushitems="1"/>
		<flag canpushcreatures="0"/>
		<flag targetdistance="1"/>
		<flag staticattack="90"/>
		<flag runonhealth="25"/>
	</flags>
	<attacks>
		<attack name="melee" interval="1000" min="0" max="-100"/>
		<attack name="physical" interval="2000" chance="50" range="8" min="-60" max="-100">
			<attribute key="shootEffect" value="arrow"/>
		</attack>
	</attacks>
	<defenses armor="55" defense="65">
		<defense name="healing" interval="3000" chance="35" min="200" max="250">
			<attribute key="areaEffect" value="blueshimmer"/>
		</defense>
	</defenses>
	<elements>
		<element firePercent="-10"/>
	</elements>
	<immunities>
		<immunity paralyze="1"/>
		<immunity invisible="1"/>
		<immunity poison="1"/>
	</immunities>
	<loot>
		<item id="2148" countmax="100" chance="82000"/><!-- gold coin -->
		<item id="2152" countmax="12" chance="12000"/><!-- Platinum Coins -->
		<item id="7632" chance="210"/><!-- Giant Shimmering Pearl -->
		<item id="8473" countmax="4" chance="2210"/><!-- Ultimate Health Potion -->
		<item id="8472" countmax="4" chance="2100"/><!-- Great Spirit Potion -->
		<item id="7590" countmax="4" chance="2010"/><!-- Great Mana Potion -->
		<item id="23517" chance="510"/><!-- Glooth Steak -->
		<item id="23514" chance="910"/><!-- Glooth Sandwich -->
		<item id="23574" chance="910"/><!-- Glooth Bag -->
		<item id="23529" chance="310"/><!-- Glooth Spear -->
		<item id="23554" chance="200"/><!-- Glooth Amulet -->
		<item id="23549" chance="200"/><!-- Glooth Club -->
		<item id="7886" chance="300"/><!-- Terra Boots -->
		<item id="7903" chance="690"/><!-- Terra Hood -->
		<item id="7885" chance="203"/><!--  Terra Legs -->
		<item id="7884" chance="120"/><!-- Terra Mantle -->
		<item id="7412" chance="90"/><!-- Butcher's Axe -->
		<item id="23538" chance="100"/><!-- Heat Core -->
		<item id="7386" chance="100"/><!-- mercenary sword -->
	</loot>
</monster>
