<?xml version="1.0" encoding="UTF-8"?>
<monster name="Glooth Bomb" nameDescription="a glooth bomb" race="blood" experience="2600" speed="80">
	<health now="250000" max="250000"/>
	<look type="680" corpse="24256"/>
	<targetchange interval="2000" chance="3"/>
	<flags>
		<flag summonable="0"/>
		<flag attackable="1"/>
		<flag hostile="1"/>
		<flag illusionable="0"/>
		<flag convinceable="0"/>
		<flag pushable="0"/>
		<flag canpushitems="1"/>
		<flag canpushcreatures="1"/>
		<flag targetdistance="1"/>
		<flag staticattack="90"/>
		<flag runonhealth="0"/>
	</flags>
	<attacks>
		<attack name="melee" interval="2000" skill="110" attack="50"/>
		<attack name="physical" interval="2000" chance="13" length="3" spread="0" min="-100" max="-230">
			<attribute key="areaEffect" value="groundshaker"/>
		</attack>
		<attack name="physical" interval="2000" chance="12" radius="3" target="0" min="-100" max="-200">
			<attribute key="areaEffect" value="groundshaker"/>
		</attack>
		<attack name="lifedrain" interval="2000" chance="19" radius="5" target="0" min="-50" max="-225">
			<attribute key="areaEffect" value="redshimmer"/>
		</attack>
		<attack name="lifedrain" interval="2000" chance="10" range="7" target="1" radius="4" min="-150" max="-235">
			<attribute key="shootEffect" value="largerock"/>
			<attribute key="areaEffect" value="explosionarea"/>
		</attack>
	</attacks>
	<defenses armor="40" defense="45">
		<defense name="healing" interval="2000" chance="9" min="50" max="150">
			<attribute key="areaEffect" value="blueshimmer"/>
		</defense>
	</defenses>
	<elements>
		<element energyPercent="85"/>
		<element icePercent="85"/>
		<element firePercent="85"/>
		<element physicalPercent="85"/>
		<element holyPercent="85"/>
		<element deathPercent="85"/>
		<element earthPercent="85"/>
	</elements>
	<immunities>
		<immunity invisible="1"/>
		<immunity paralyze="1"/>
	</immunities>
	<loot>
		<item id="23541" chance="5000"/><!-- gearwheel chain -->
		<item id="24275" chance="10000"/><!-- glooth glider gear wheel -->
		<item id="2148" countmax="50" chance="100000"/><!-- gold coin -->
		<item id="7591" countmax="13" chance="100000"/><!-- great health potion -->
		<item id="7590" countmax="13" chance="100000"/><!-- great mana potion -->
		<item id="8472" countmax="13" chance="100000"/><!-- great spirit potion -->
		<item id="23571" countmax="2" chance="83300"/><!-- moohtant horn -->
		<item id="2152" countmax="30" chance="100000"/><!-- platinum coin -->
		<item id="5911" chance="16670"/><!-- red piece of cloth -->
		<item id="2214" chance="16670"/><!-- ring of healing -->
		<item id="2145" countmax="5" chance="16670"/><!-- small diamond -->
		<item id="2147" chance="50000"/><!-- small ruby -->
		<item id="9970" countmax="3" chance="16670"/><!-- small topaz -->
		<item id="2154" chance="33330"/><!-- yellow gem -->
	</loot>
</monster>
