<?xml version="1.0" encoding="UTF-8"?>
<monster name="Gnomevil" nameDescription="Gnomevil" race="blood" experience="45000" speed="470">
	<health now="250000" max="250000" />
	<look type="504" corpse="18443" />
	<targetchange interval="5000" chance="8" />
	<flags>
		<flag summonable="0" />
		<flag attackable="1" />
		<flag hostile="1" />
		<flag illusionable="0" />
		<flag convinceable="0" />
		<flag pushable="0" />
		<flag canpushitems="1" />
		<flag canpushcreatures="1" />
		<flag targetdistance="0" />
		<flag staticattack="50" />
		<flag runonhealth="10000" />
	</flags>
	<attacks>
		<attack name="melee" interval="1300" skill="80" attack="140" />
		<attack name="speed" interval="2000" chance="20" range="7" speedchange="-400" duration="2500">
			<attribute key="shootEffect" value="whirlwindaxe" />
		</attack>
		<attack name="fire" interval="2000" chance="100" range="7" min="-820" max="-950">
			<attribute key="areaEffect" value="energyarea" />
		</attack>
		<attack name="manadrain" interval="2000" chance="9" length="8" spread="0" min="-230" max="-500">
			<attribute key="areaEffect" value="blueshimmer" />
		</attack>
		<attack name="energy" interval="1000" chance="12" range="3" target="1" min="-350" max="-800">
			<attribute key="areaEffect" value="purpleenergy" />
		</attack>
	</attacks>
	<defenses armor="25" defense="35">
		<defense name="healing" interval="1000" chance="25" min="1000" max="4000">
			<attribute key="areaEffect" value="blueshimmer" />
		</defense>
	</defenses>
	<elements>
		<element firePercent="10" />
		<element deathPercent="-20" />
	</elements>
	<immunities>
		<immunity drown="1" />
		<immunity paralyze="1" />
		<immunity invisible="1" />
	</immunities>
	<voices interval="2000" chance="7">
		<voice sentence="No more Mr. Nicegnome!" />
		<voice sentence="Taste the power of the dark side!" />
		<voice sentence="I've seen the light! And it was all engulfing fire!" />
	</voices>
	<loot>
		<item id="18451" chance="7030" /><!-- crystalline axe -->
		<item id="18453" chance="9120" /><!-- crystal crossbow -->
		<item id="18495" chance="99150" /><!-- gnomevil´s hat -->
		<item id="18465" chance="6690" /><!-- shiny blade -->
		<item id="18454" chance="8400" /><!-- mycological bow -->
		<item id="18452" chance="7120" /><!-- mycological mace -->
		<item id="18450" chance="14100" /><!-- crystalline sword -->
		<item id="18449" chance="3710" /><!-- decorative ribbon -->
	</loot>
</monster>
