<?xml version="1.0" encoding="ISO-8859-1"?>
<monster name="Guard Captain Quaid" nameDescription="a guard captain quaid" race="blood" experience="28000" speed="185" script="rewardboss.lua">
	<health now="55000" max="55000"/>
	<look type="1217" head="38" body="57" legs="21" feet="2" addons="2" corpse="36489"/>
	<targetchange interval="4000" chance="10"/>
	<flags>
		<flag rewardboss="1"/>
		<flag summonable="0"/>
		<flag attackable="1"/>
		<flag hostile="1"/>
		<flag illusionable="0"/>
		<flag convinceable="0"/>
		<flag pushable="0"/>
		<flag canpushitems="1"/>
		<flag canpushcreatures="1"/>
		<flag targetdistance="4"/>
		<flag staticattack="90"/>
		<flag runonhealth="0"/>
		<flag canwalkonenergy="1"/>
		<flag canwalkonfire="1"/>
		<flag canwalkonpoison="1"/>
	</flags>
	<attacks>
		<attack name="melee" interval="2000" min="0" max="-580"/>
		<attack name="earth" interval="2000" chance="18" distance="4" radius="4" target="1" min="-500" max="-620">
			<attribute key="shootEffect" value="earth"/>
			<attribute key="areaEffect" value="greenbubble"/>
		</attack>
		<attack name="physical" interval="2000" chance="22" distance="4" target="1" min="-450" max="-700">
			<attribute key="shootEffect" value="throwingknife"/>
		</attack>
		<attack name="physical" interval="2000" chance="14" length="5" spread="0" min="-350" max="-550">
			<attribute key="areaEffect" value="explosion"/>
		</attack>
		<attack name="fire" interval="2000" chance="15" distance="4" target="1" radius="1" min="-400" max="-550">
			<attribute key="shootEffect" value="burstarrow"/>
			<attribute key="areaEffect" value="firearea"/>
		</attack>
		<attack name="earth" interval="2000" chance="12" length="5" spread="0" min="-300" max="-480">
			<attribute key="areaEffect" value="explosion"/>
		</attack>
		<attack name="earth" interval="2000" chance="10" radius="3" min="-300" max="-450">
			<attribute key="areaEffect" value="greenbubble"/>
		</attack>
	</attacks>
	<defenses armor="86" defense="86"/>
	<elements>
		<element physicalPercent="85"/>
		<element holyPercent="-20"/>
	</elements>
	<immunities>
		<immunity earth="1"/>
		<immunity invisible="1"/>
		<immunity paralyze="1"/>
	</immunities>
	<loot>
		<item name="Platinum Coin" countmax="20" chance="85000"/>
		<item name="Small Sapphire" chance="95000"/>
		<item name="Yellow Gem" chance="61000"/>
		<item name="Red Gem" chance="56000"/>
		<item name="Gold Ingot" chance="36000"/>
		<item id="7632" chance="28000"/><!-- Giant Shimmering Pearl -->
		<item name="Cobra Crest" chance="22000"/>
		<item name="Blue Gem" chance="21500"/>
		<item name="Green Gem" chance="18150"/>
		<item name="Terra Hood" chance="14500"/>
		<item name="Crossbow" chance="12520"/>
		<item name="Bow" chance="11200"/>
		<item name="Hunting Spear" chance="10400"/>
		<item name="Blue Crystal Shard" chance="9600"/>
		<item name="Throwing Star" countmax="6" chance="9100"/>
		<item name="Green Crystal Shard" chance="8600"/>
		<item name="Small Topaz" chance="8000"/>
		<item name="Sacred Tree Amulet" chance="6800"/>
		<item name="Magma Monocle" chance="6100"/>
		<item name="Wood Cape" chance="5250"/>
		<item id="26185" chance="3800"/><!-- Ring of Blue Plasma -->
		<item name="Cobra Boots" chance="315"/>
		<item name="Cobra Crossbow" chance="225"/>
	</loot>
</monster>
