<?xml version="1.0" encoding="ISO-8859-1"?>
<monster name="Hellgorak" nameDescription="Hellgorak" race="blood" experience="10000" speed="330">
	<health now="25850" max="25850"/>
	<look type="12" head="19" body="96" legs="21" feet="81" corpse="6068"/>
	<targetchange interval="5000" chance="8"/>
	<flags>
		<flag summonable="0"/>
		<flag attackable="1"/>
		<flag hostile="1"/>
		<flag illusionable="0"/>
		<flag convinceable="0"/>
		<flag pushable="0"/>
		<flag canpushitems="1"/>
		<flag canpushcreatures="1"/>
		<flag targetdistance="1"/>
		<flag staticattack="85"/>
		<flag runonhealth="0"/>
	</flags>
	<attacks>
		<attack name="melee" interval="2000" min="0" max="-910"/>
		<attack name="energy" interval="1000" chance="11" length="8" spread="0" min="-250" max="-819">
			<attribute key="areaEffect" value="purpleenergy"/>
		</attack>
		<attack name="manadrain" interval="2000" chance="14" radius="5" target="0" min="-90" max="-500">
			<attribute key="areaEffect" value="stun"/>
		</attack>
		<attack name="fire" interval="1000" chance="11" radius="5" target="1" min="-50" max="-520">
			<attribute key="areaEffect" value="firearea"/>
		</attack>
		<attack name="lifedrain" interval="2000" chance="5" radius="7" target="0" min="0" max="-150">
			<attribute key="areaEffect" value="poff"/>
		</attack>
	</attacks>
	<defenses armor="70" defense="65">
		<defense name="healing" interval="1000" chance="11" min="400" max="900">
			<attribute key="areaEffect" value="greenshimmer"/>
		</defense>
	</defenses>
	<elements>
		<element icePercent="99"/>
		<element energyPercent="99"/>
		<element earthPercent="99"/>
		<element holyPercent="99"/>
		<element deathPercent="99"/>
		<element firePercent="99"/>
		<element drownPercent="-50"/>
	</elements>
	<immunities>
		<immunity lifedrain="1"/>
		<immunity paralyze="1"/>
		<immunity invisible="1"/>
	</immunities>
	<voices interval="5000" chance="0">
		<voice sentence="I'll sacrifice yours souls to seven!"/>
		<voice sentence="I'm bad news for you mortals!"/>
		<voice sentence="No man can defeat me!"/>
		<voice sentence="Your puny skills are no match for me."/>
		<voice sentence="I smell your fear."/>
		<voice sentence="Delicious!"/>
	</voices>
	<loot>
		<item id="2148" countmax="200" chance="100000"/><!-- gold coin -->
		<item id="9813" chance="49920"/><!-- rusty legs -->
		<item id="8473" countmax="2" chance="41750"/><!-- ultimate health potion -->
		<item id="8901" chance="31010"/><!-- spellbook of warding -->
		<item id="9810" chance="30560"/><!-- rusty armor -->
		<item id="3962" chance="29950"/><!-- beastslayer axe -->
		<item id="2152" countmax="30" chance="21790"/><!-- platinum coin -->
		<item id="8472" chance="21180"/><!-- great spirit potion -->
		<item id="7591" chance="20570"/><!-- great health potion -->
		<item id="2487" chance="19670"/><!-- crown armor -->
		<item id="7590" chance="16190"/><!-- great mana potion -->
		<item id="2144" countmax="25" chance="14070"/><!-- black pearl -->
		<item id="2143" countmax="25" chance="13920"/><!-- white pearl -->
		<item id="7456" chance="12860"/><!-- noble axe -->
		<item id="2145" countmax="25" chance="12860"/><!-- small diamond -->
		<item id="2147" countmax="5" chance="13010"/><!-- small ruby -->
		<item id="2125" chance="12710"/><!-- crystal necklace -->
		<item id="2150" countmax="25" chance="12410"/><!-- small amethyst -->
		<item id="2133" chance="11800"/><!-- ruby necklace -->
		<item id="2146" countmax="25" chance="11650"/><!-- small sapphire -->
		<item id="7894" chance="11350"/><!-- magma legs -->
		<item id="9970" countmax="25" chance="11200"/><!-- small topaz -->
		<item id="2149" countmax="25" chance="10740"/><!-- small emerald -->
		<item id="2645" chance="10740"/><!-- steel boots -->
		<item id="8871" chance="10590"/><!-- focus cape -->
		<item id="2488" chance="10140"/><!-- crown legs -->
		<item id="8870" chance="10140"/><!-- spirit cloak -->
		<item id="2130" chance="9680"/><!-- golden amulet -->
		<item id="2477" chance="9530"/><!-- knight legs -->
		<item id="5954" countmax="2" chance="9230"/><!-- demon horn -->
		<item id="8902" chance="8770"/><!-- spellbook of mind control -->
		<item id="8903" chance="8620"/><!-- spellbook of lost souls -->
		<item id="2656" chance="8170"/><!-- blue robe -->
		<item id="2466" chance="2870"/><!-- golden armor -->
		<item id="7412" chance="2720"/><!-- butcher's axe -->
		<item id="7388" chance="1970"/><!-- vile axe -->
		<item id="8904" chance="1360"/><!-- spellscroll of prophecies -->
		<item id="7453" chance="610"/><!-- executioner -->
		<item id="8926" chance="450"/><!-- demonwing axe -->
		<item id="2470" chance="450"/><!-- golden legs -->
		<item id="8879" chance="450"/><!-- voltage armor -->
		<item id="8918" chance="300"/><!-- spellbook of dark mysteries -->
		<item id="2136" chance="150"/><!-- demonbone amulet -->
		<item id="2415" chance="100"/><!-- great axe -->
	</loot>
</monster>
