<?xml version="1.0" encoding="UTF-8"?>
<monster name="Hirintror" nameDescription="Hirintror" race="undead" experience="800" speed="190" script="rewardboss.lua">
	<health now="1500" max="1500"/>
	<look type="261" corpse="7282"/>
	<targetchange interval="2000" chance="5"/>
	<flags>
		<flag rewardboss="1" />
		<flag summonable="0"/>
		<flag attackable="1"/>
		<flag hostile="1"/>
		<flag illusionable="0"/>
		<flag convinceable="0"/>
		<flag pushable="0"/>
		<flag canpushitems="1"/>
		<flag staticattack="90"/>
		<flag lightlevel="0"/>
		<flag lightcolor="0"/>
		<flag targetdistance="1"/>
		<flag runonhealth="0"/>
	</flags>
	<attacks>
		<attack name="melee" interval="2000" skill="140" attack="40"/>
		<attack name="hirintror freeze" interval="2000" chance="15"/>
		<attack name="ice" interval="2000" chance="15" range="7" target="1" radius="3" min="-75" max="-150">
			<attribute key="shootEffect" value="ice"/>
			<attribute key="areaEffect" value="yellowspark"/>
		</attack>
		<attack name="ice golem paralyze" interval="2000" chance="11"/>
		<attack name="hirintror skill reducer" interval="2000" chance="10"/>
	</attacks>
	<defenses armor="25" defense="26">
		<defense name="hirintror summon" interval="2000" chance="18"/>
	</defenses>
	<elements>
		<element physicalPercent="30"/>
		<element energyPercent="-20"/>
	</elements>
	<immunities>
		<immunity paralyze="1"/>
		<immunity holy="1"/>
		<immunity death="1"/>
		<immunity fire="1"/>
		<immunity ice="1"/>
		<immunity drunk="1"/>
		<immunity invisible="1"/>
	</immunities>
	<voices interval="2000" chance="5">
		<voice sentence="Srk."/>
		<voice sentence="Krss!"/>
		<voice sentence="Chrrk! Krk!"/>
	</voices>
	<loot>
		<item id="21697" chance="200" /><!-- runic shieldd -->
		<item id="2148" countmax="100" chance="70000" /><!-- gold coin -->
		<item id="21400" chance="200" /><!-- silver token -->
		<item id="21696" chance="200" /><!-- icicle bow -->
		<item id="2479" chance="1200" /><!-- runic shieldd -->
		<item id="2396" chance="2200" /><!-- ice rapier -->
		<item id="7290" chance="4200" /><!-- Shard -->
		<item id="7441" chance="2200" /><!-- Ice Cube -->
		<item id="7892" chance="3200" /><!-- Glacier Shoes -->
		<item id="7902" chance="1200" /><!-- Glacier Mask -->
		<item id="7449" chance="900" /><!-- Crystal Sword -->
		<item id="5912" chance="900" /><!-- Blue Piece of Cloth -->
		<item id="7589" countmax="5" chance="20000" /><!-- Strong Mana Potions -->
		<item id="7588" countmax="5" chance="2000" /><!-- Strong Health Potions -->
		<item id="2145" countmax="5" chance="2000" /><!-- Small Diamonds -->
		<item id="2152" chance="20000" /><!-- Platinum Coin -->
	</loot>
</monster>
