<?xml version="1.0" encoding="UTF-8"?>
<monster name="Verminor" nameDescription="Verminor" race="fire" experience="35000" speed="380">
	<health now="80000" max="80000" />
	<look type="12" head="38" body="114" legs="0" feet="94" corpse="6068" />
	<targetchange interval="5000" chance="20" />
	<flags>
		<flag summonable="0" />
		<flag attackable="1" />
		<flag hostile="1" />
		<flag illusionable="0" />
		<flag convinceable="0" />
		<flag pushable="0" />
		<flag canpushitems="1" />
		<flag canpushcreatures="1" />
		<flag targetdistance="1" />
		<flag staticattack="90" />
		<flag runonhealth="0" />
	</flags>
	<attacks>
		<attack name="melee" interval="2000" skill="230" attack="210" />
		<attack name="death" interval="1000" chance="8" radius="9" target="0" min="-800" max="-1900">
			<attribute key="areaEffect" value="mortarea" />
		</attack>
		<attack name="speed" interval="1000" chance="12" radius="6" target="0" speedchange="-850" duration="60000">
			<attribute key="areaEffect" value="poison" />
		</attack>
		<attack name="strength" interval="1000" chance="10" radius="5" target="0" min="-600" max="-1450">
			<attribute key="areaEffect" value="blackspark" />
		</attack>
		<attack name="fire" interval="3000" chance="13" range="7" radius="7" target="1" min="-300" max="-800">
			<attribute key="shootEffect" value="fire" />
			<attribute key="areaEffect" value="firearea" />
		</attack>
		<attack name="manadrain" interval="3000" chance="8" radius="10" target="0" min="-600" max="-700">
			<attribute key="areaEffect" value="energyarea" />
		</attack>
		<attack name="energy" interval="2000" chance="9" length="8" spread="0" min="-400" max="-800">
			<attribute key="areaEffect" value="redshimmer" />
		</attack>
		<attack name="poisoncondition" interval="5000" chance="18" length="0" spread="0" min="-800" max="-1000">
			<attribute key="areaEffect" value="greenspark" />
		</attack>
		<attack name="lifedrain" interval="2000" chance="6" radius="14" target="0" min="-600" max="-1200">
			<attribute key="areaEffect" value="greenshimmer" />
		</attack>
	</attacks>
	<defenses armor="188" defense="145">
		<defense name="healing" interval="1000" chance="15" min="1000" max="3000">
			<attribute key="areaEffect" value="blueshimmer" />
		</defense>
		<defense name="speed" interval="2000" chance="8" speedchange="480" duration="6000">
			<attribute key="areaEffect" value="redshimmer" />
		</defense>
	</defenses>
	<immunities>
		<immunity physical="0" />
		<immunity energy="1" />
		<immunity fire="1" />
		<immunity poison="1" />
		<immunity lifedrain="1" />
		<immunity paralyze="1" />
		<immunity drunk="1" />
		<immunity invisible="1" />
	</immunities>
	<voices interval="2000" chance="7">
		<voice sentence="BOW TO THE POWER OF THE RUTHLESS SEVEN!" yell="1" />
		<voice sentence="DESTRUCTION!" yell="1" />
		<voice sentence="CHAOS!" yell="1" />
		<voice sentence="DEATH TO ALL!" yell="1" />
	</voices>
	<loot capacity="5000">
		<item id="2142" chance="3500" />
		<item id="2231" chance="9000" />
		<item id="2144" countmax="15" chance="15000" />
		<item id="2158" chance="1500" />
		<item id="2195" chance="4000" />
		<item id="2192" chance="2500" />
		<item id="2125" chance="1500" />
		<item id="2124" chance="5500" />
		<item id="2520" chance="15500" />
		<item id="2462" chance="11000" />
		<item id="2387" chance="20000" />
		<item id="2434" chance="4500" />
		<item id="2167" chance="13500" />
		<item id="2432" chance="17000" />
		<item id="2393" chance="12500" />
		<item id="2148" countmax="100" chance="99900" />
		<item id="2148" countmax="100" chance="88800" />
		<item id="2148" countmax="100" chance="77700" />
		<item id="2148" countmax="100" chance="66600" />
		<item id="2179" chance="8000" />
		<item id="2470" chance="5000" />
		<item id="2033" chance="7500" />
		<item id="2418" chance="4500" />
		<item id="2155" chance="1500" />
		<item id="2396" chance="7500" />
		<item id="2177" chance="1000" />
		<item id="2162" chance="11500" />
		<item id="2472" chance="3000" />
		<item id="2514" chance="7500" />
		<item id="2164" chance="5000" />
		<item id="2178" chance="4000" />
		<item id="2186" chance="3500" />
		<item id="2176" chance="12000" />
		<item id="2171" chance="4500" />
		<item id="2200" chance="4500" />
		<item id="1982" chance="2600" />
		<item id="2214" chance="13000" />
		<item id="2123" chance="3500" />
		<item id="2170" chance="13000" />
		<item id="2402" chance="15500" />
		<item id="2436" chance="5000" />
		<item id="2150" countmax="20" chance="13500" />
		<item id="2145" countmax="5" chance="9500" />
		<item id="2149" countmax="10" chance="15500" />
		<item id="2146" countmax="10" chance="13500" />
		<item id="2182" chance="3500" />
		<item id="2165" chance="9500" />
		<item id="2197" chance="4000" />
		<item id="2174" chance="2500" />
		<item id="2151" countmax="7" chance="14000" />
		<item id="2112" chance="14500" />
		<item id="2421" chance="13500" />
		<item id="2377" chance="20000" />
		<item id="2185" chance="3500" />
		<item id="3955" chance="100" />
		<item id="2188" chance="2500" />
		<item id="2143" countmax="15" chance="12500" />
	</loot>
</monster>
