<?xml version="1.0" encoding="ISO-8859-1"?>
<monster name="Crystal Spider" nameDescription="a crystal spider" race="venom" experience="900" speed="230">
	<health now="1250" max="1250"/>
	<look type="263" corpse="7344"/>
	<targetchange interval="4000" chance="15"/>
	<flags>
		<flag summonable="0"/>
		<flag attackable="1"/>
		<flag hostile="1"/>
		<flag illusionable="1"/>
		<flag convinceable="0"/>
		<flag pushable="0"/>
		<flag canpushitems="1"/>
		<flag staticattack="80"/>
		<flag lightlevel="0"/>
		<flag lightcolor="0"/>
		<flag targetdistance="1"/>
		<flag runonhealth="0"/>
		<flag canwalkonenergy="0"/>
		<flag canwalkonfire="1"/>
		<flag canwalkonpoison="1"/>
	</flags>
	<attacks>
		<attack name="melee" interval="2000" min="0" max="-250" poison="160"/>
		<attack name="speed" interval="2000" chance="15" range="7" radius="6" target="0" speedchange="-800" duration="15000">
			<attribute key="areaEffect" value="poff"/>
		</attack>
		<attack name="ice" interval="2000" chance="15" range="7" target="1" min="-50" max="-100">
			<attribute key="shootEffect" value="ice"/>
			<attribute key="areaEffect" value="icearea"/>
		</attack>
		<attack name="speed" interval="2000" chance="20" range="7" target="1" speedchange="-600" duration="10000">
			<attribute key="shootEffect" value="snowball"/>
		</attack>
	</attacks>
	<defenses armor="43" defense="0">
		<defense name="speed" interval="2000" chance="15" speedchange="250" duration="5000">
			<attribute key="areaEffect" value="redshimmer"/>
		</defense>
	</defenses>
	<elements>
		<element earthPercent="20"/>
		<element energyPercent="-20"/>
	</elements>
	<immunities>
		<immunity fire="1"/>
		<immunity ice="1"/>
		<immunity paralyze="1"/>
		<immunity invisible="1"/>
	</immunities>
	<voices interval="5000" chance="10">
		<voice sentence="Screeech!"/>
	</voices>
	<loot>
		<item id="2124" chance="1560"/><!-- crystal ring -->
		<item name="crystal necklace" chance="1640"/>
		<item name="gold coin" countmax="100" chance="99998"/>
		<item name="gold coin" countmax="92" chance="99998"/>
		<item id="2169" chance="1480"/><!-- time ring -->
		<item name="platinum amulet" chance="130"/>
		<item name="steel helmet" chance="5200"/>
		<item name="plate armor" chance="9993"/>
		<item name="knight armor" chance="560"/>
		<item name="knight legs" chance="760"/>
		<item name="jewelled backpack" chance="80"/>
		<item name="spider silk" chance="2010"/>
		<item name="shard" chance="740"/>
		<item name="sniper arrow" countmax="6" chance="5840"/>
		<item name="sapphire hammer" chance="140"/>
		<item name="crystal sword" chance="2490"/>
		<item name="strong mana potion" chance="14950"/>
		<item name="glacier mask" chance="670"/>
	</loot>
</monster>
