<?xml version="1.0" encoding="ISO-8859-1"?>
<monster name="Sacred Spider" nameDescription="a sacred spider" race="venom" experience="330" speed="244" manacost="485">
	<health now="550" max="550"/>
	<look type="219" corpse="6060"/>
	<targetchange interval="4000" chance="10"/>
	<flags>
		<flag summonable="0"/>
		<flag attackable="1"/>
		<flag hostile="1"/>
		<flag illusionable="1"/>
		<flag convinceable="0"/>
		<flag pushable="0"/>
		<flag canpushitems="1"/>
		<flag canpushcreatures="0"/>
		<flag targetdistance="1"/>
		<flag staticattack="90"/>
		<flag runonhealth="0"/>
		<flag canwalkonenergy="0"/>
		<flag canwalkonfire="0"/>
		<flag canwalkonpoison="1"/>
	</flags>
	<attacks>
		<attack name="melee" interval="2000" min="0" max="-160" poison="80"/>
		<attack name="earth" interval="2000" chance="20" range="7" min="-50" max="-80">
			<attribute key="shootEffect" value="poison"/>
		</attack>
	</attacks>
	<defenses armor="27" defense="0"/>
	<elements>
		<element firePercent="-5"/>
	</elements>
	<immunities>
		<immunity invisible="1"/>
	</immunities>
	<loot>
		<item name="gold coin" countmax="100" chance="89790"/>
		<item name="gold coin" countmax="19" chance="89790"/>
		<item name="scarab coin" countmax="4" chance="6710"/>
		<item name="plate armor" chance="5050"/>
		<item name="spider fangs" chance="25380"/>
		<item name="gold ingot" chance="60"/>
	</loot>
</monster>
