<?xml version="1.0" encoding="UTF-8"?>
<monster name="Gryphon" nameDescription="a gryphon" race="blood" experience="1000" speed="320">
	<health now="3200" max="3200"/>
	<look type="1220" corpse="36233"/>
	<targetchange interval="2000" chance="5"/>
	<flags>
		<flag summonable="0"/>
		<flag attackable="1"/>
		<flag hostile="1"/>
		<flag illusionable="0"/>
		<flag convinceable="0"/>
		<flag pushable="0"/>
		<flag canpushitems="0"/>
		<flag canpushcreatures="0"/>
		<flag targetdistance="1"/>
		<flag staticattack="90"/>
		<flag hidehealth="0"/>
		<flag lightcolor="0"/>
		<flag lightlevel="1"/>
		<flag runonhealth="0"/>
	</flags>
	<attacks>
		<attack name="melee" interval="2000" min="0" max="350"/>
		<attack name="holy" interval="2000" chance="13" radius="3" needtarget="0" min="-250" max="-450">
			<attribute key="areaEffect" value="holyarea"/>
		</attack>
		<attack name="fire" interval="2000" chance="10" needtarget="0" length="3" spread="0" min="-200" max="-300">
			<attribute key="areaEffect" value="fire"/>
		</attack>
	</attacks>
	<defenses armor="76" defense="76"/>
	<immunities>
		<immunity paralyze="1"/>
		<immunity invisible="1"/>
	</immunities>
	<voices interval="2000" chance="5">
		<voice sentence="Don't touch our hatchlings!"/>
	</voices>
</monster>
